rs11123242,rs13014858,rs746710,rs10496465,rs963218,rs324957,rs324981,rs1419780,rs325462,asthma
1,1,1,1,0,0,1,0,0,0
1,1,1,1,0,1,0,0,1,0
1,1,1,0,1,0,1,1,0,0
0,1,1,0,1,1,1,1,1,0
0,0,1,0,0,0,1,1,0,1
0,1,1,0,1,0,1,1,1,0
1,1,1,0,0,0,1,1,0,0
0,1,1,0,1,1,0,0,1,0
0,1,1,0,1,1,1,0,1,0
0,0,1,0,1,1,1,1,1,0
1,1,1,0,0,0,1,1,0,0
1,1,1,0,0,1,0,0,0,0
0,1,1,0,1,0,1,0,0,0
0,1,1,1,1,1,1,0,1,0
0,0,1,1,1,1,0,0,1,0
1,1,1,1,1,1,0,0,1,0
0,1,1,0,1,0,1,0,1,0
0,1,1,0,1,1,0,0,1,0
1,1,1,0,0,1,1,1,1,0
0,1,1,0,1,0,1,0,0,0
0,1,1,0,1,0,1,1,0,0
0,0,0,0,0,1,0,0,1,0
0,1,1,1,0,1,0,0,1,0
1,1,1,0,1,1,0,0,1,0
0,0,0,1,1,0,1,0,0,0
0,1,1,0,0,1,1,1,1,0
1,1,1,0,1,1,0,0,1,0
1,1,1,0,1,1,0,0,1,0
0,1,1,0,1,1,0,0,1,0
0,1,1,0,0,0,1,1,0,0
1,1,1,0,1,1,1,0,1,0
0,1,1,0,0,1,1,1,1,0
0,1,1,0,0,0,1,1,0,0
0,1,1,1,1,0,1,1,0,0
0,1,1,0,1,0,1,0,0,0
1,1,1,0,1,1,0,0,1,0
0,1,1,1,1,1,1,0,1,0
0,1,1,0,1,1,1,0,1,0
1,1,1,0,1,0,1,0,0,0
0,1,1,1,1,0,1,1,0,0
0,0,1,1,0,1,1,1,1,0
1,1,1,0,0,1,1,1,1,0
0,0,0,0,1,1,1,0,1,0
1,1,1,1,0,1,1,1,1,0
0,1,1,0,1,1,1,0,1,0
0,1,1,1,0,1,1,1,1,0
0,1,1,0,0,1,1,1,1,0
1,1,1,0,1,1,1,1,1,0
0,0,0,0,1,1,1,0,1,0
0,0,1,0,0,0,1,1,0,0
1,1,1,0,1,1,1,0,1,0
0,0,1,0,1,1,0,0,1,0
1,1,1,1,1,1,0,0,1,0
0,1,1,0,1,1,1,1,1,0
0,1,1,0,0,1,1,1,1,0
0,1,1,1,0,1,1,1,1,0
0,0,0,0,1,1,1,0,1,0
1,1,1,1,1,0,1,1,0,0
0,0,0,1,1,0,1,0,0,0
0,0,1,1,1,0,1,0,0,0
0,1,1,0,1,1,1,0,1,0
0,1,1,0,0,1,1,1,1,0
1,1,1,0,1,0,1,1,1,0
1,1,1,1,1,1,0,0,1,0
0,0,0,0,1,1,0,0,1,0
1,1,1,0,1,0,1,1,0,0
0,1,1,0,0,1,0,0,1,0
0,0,0,0,1,0,1,0,0,0
0,0,0,0,1,0,1,0,0,0
1,1,1,1,1,1,0,0,1,0
0,0,0,1,0,1,1,1,1,0
0,1,1,1,1,1,0,0,1,0
0,1,1,1,1,0,1,1,0,0
0,1,1,0,1,1,1,0,1,0
0,1,1,0,1,0,1,1,0,0
0,0,1,1,1,1,0,0,1,0
0,0,0,0,1,0,1,0,1,0
1,1,1,0,1,1,1,0,1,1
0,1,1,0,0,1,0,0,1,0
0,0,0,0,1,1,1,0,1,0
0,0,0,0,1,1,1,0,1,0
1,1,1,1,0,0,0,0,1,0
0,0,0,0,1,1,0,0,1,0
1,1,1,0,1,0,1,1,0,0
0,1,1,1,0,1,0,0,1,0
0,1,1,1,0,1,1,1,1,0
1,1,1,1,1,1,1,1,1,0
0,1,1,0,1,1,1,0,1,0
1,1,1,0,0,1,1,1,1,0
1,1,1,1,0,1,0,0,1,0
0,0,0,0,1,1,1,0,1,0
0,0,0,1,0,1,1,1,1,0
1,1,1,1,1,1,1,0,1,0
0,0,0,1,1,1,1,0,1,0
0,1,1,0,0,1,0,0,1,0
1,0,0,0,0,0,1,1,0,0
1,1,1,0,1,1,0,0,1,0
0,1,1,0,0,1,0,0,1,0
0,1,1,0,0,1,0,0,1,0
0,0,1,0,0,1,1,1,1,0
0,1,1,0,1,0,1,0,0,0
1,0,0,0,1,1,1,0,1,0
0,0,0,0,1,0,1,0,0,0
1,1,1,0,1,1,1,0,0,0
0,0,0,1,1,1,1,0,1,0
0,1,0,0,0,0,1,1,0,0
1,1,1,0,1,1,1,0,1,0
0,0,0,1,1,1,1,0,1,0
0,0,1,0,0,1,1,1,1,0
1,1,1,0,1,1,1,0,1,0
0,1,1,0,1,1,1,0,1,0
1,1,1,0,1,1,0,0,1,1
0,1,1,0,1,1,1,0,1,0
0,1,1,0,1,0,1,1,0,0
0,1,1,0,1,1,1,1,1,1
0,0,0,0,1,1,0,0,1,0
0,0,1,0,0,1,1,1,1,0
1,1,1,1,1,1,1,0,1,0
0,1,1,0,1,1,0,0,1,0
1,0,0,0,1,0,1,1,0,0
0,0,0,0,1,1,1,0,1,0
0,1,1,0,1,1,1,0,1,0
0,1,1,0,1,1,1,1,1,0
1,1,1,0,1,0,1,1,0,0
0,0,1,0,0,1,1,1,1,0
1,0,0,1,1,1,1,1,1,0
0,1,1,0,1,1,1,0,0,1
0,0,1,0,0,1,0,0,1,0
0,0,0,0,1,1,1,0,1,1
1,1,1,0,1,0,1,1,0,0
0,0,0,1,1,1,0,0,1,0
0,1,1,0,1,0,1,1,1,1
0,1,1,0,0,1,1,0,1,0
1,1,1,0,1,1,0,0,1,0
1,1,1,1,1,1,0,0,1,0
0,0,0,1,1,0,1,1,0,0
0,1,1,1,1,0,1,1,0,0
0,1,1,0,0,0,1,1,0,1
1,1,1,0,0,1,1,1,1,0
0,1,1,0,0,1,0,0,1,1
0,1,1,1,1,0,1,1,0,1
0,0,0,0,1,1,1,0,1,1
0,1,1,0,1,1,1,0,1,1
1,1,1,1,1,1,1,0,1,1
0,0,0,1,1,0,1,1,0,0
0,1,1,1,1,0,1,0,0,0
0,0,0,1,1,0,1,1,0,1
1,1,1,0,1,1,1,0,1,1
0,1,1,0,1,0,1,0,0,1
0,1,1,1,1,0,1,0,0,1
0,0,1,0,1,1,0,0,1,1
1,1,1,0,1,1,1,0,1,1
1,1,1,0,1,1,1,0,1,1
0,1,1,1,1,0,1,1,0,1
0,0,1,0,1,1,1,0,1,1
0,0,1,0,1,1,1,0,1,1
1,1,1,0,1,1,1,0,1,0
0,0,0,0,0,1,0,0,1,0
0,0,0,1,1,1,1,0,1,0
0,1,1,0,1,0,1,1,1,0
1,1,1,1,1,1,1,0,1,0
1,1,1,1,1,0,1,1,1,0
0,0,0,1,0,1,1,1,1,0
1,1,1,0,1,1,1,1,1,0
0,0,1,0,1,1,1,1,0,0
0,1,1,1,1,0,1,0,0,1
0,1,1,1,1,1,1,0,1,0
0,1,1,1,0,1,1,1,1,0
0,0,0,0,1,1,1,0,1,0
0,0,1,0,1,1,1,0,1,0
0,1,1,0,1,1,0,0,1,0
0,1,1,0,1,1,1,0,1,0
0,1,1,1,1,1,0,0,1,0
0,1,1,0,1,1,1,0,1,0
0,1,1,0,0,1,1,1,1,0
0,1,1,1,1,1,1,1,1,0
0,0,1,0,0,1,1,1,1,0
0,1,1,0,0,1,0,0,1,0
1,1,1,0,1,0,1,1,0,0
0,0,0,1,0,1,1,0,1,0
0,1,1,0,1,0,1,1,0,0
1,1,1,0,1,0,1,1,0,1
0,1,1,0,0,1,0,0,1,0
1,1,1,0,1,0,1,0,0,0
1,1,1,1,0,1,1,1,1,1
0,1,1,0,1,0,1,1,0,0
1,1,1,1,1,0,1,1,0,0
0,1,1,0,1,1,1,0,1,0
0,1,1,1,1,0,1,1,0,0
0,1,1,1,1,1,1,0,1,0
0,1,1,1,1,1,0,0,1,0
0,0,0,1,1,1,0,0,1,1
0,0,0,0,1,1,1,0,1,0
0,0,0,1,1,1,1,0,1,0
1,1,1,1,1,1,1,0,1,0
0,1,1,0,1,1,1,1,1,1
1,1,1,1,1,0,1,0,0,0
0,0,0,0,1,1,0,0,1,0
1,0,0,0,1,1,1,0,1,1
0,1,1,0,0,1,1,0,1,0
1,1,1,0,1,1,0,0,1,0
1,1,1,0,0,0,1,1,0,0
1,1,1,0,1,1,1,0,1,0
0,1,1,0,1,1,0,0,1,0
1,1,1,0,1,1,0,0,1,0
0,0,0,0,0,1,0,0,1,1
0,1,1,0,1,1,1,0,1,1
0,0,0,1,1,1,0,0,1,1
0,0,0,0,0,1,1,1,0,1
0,1,1,0,1,1,0,0,1,1
1,1,1,0,1,1,1,0,1,1
0,1,1,0,1,0,1,1,0,1
0,1,1,0,1,0,1,1,0,1
1,1,1,1,1,0,1,1,0,1
1,1,1,0,1,1,1,0,1,1
1,1,1,1,0,1,1,1,1,1
0,1,1,0,1,0,1,0,0,1
0,1,1,0,1,0,1,1,0,1
1,1,1,0,1,1,0,0,1,1
0,1,1,0,0,1,1,0,1,1
1,0,0,0,1,1,1,0,1,1
1,1,0,0,0,1,1,1,1,1
0,1,1,0,0,1,1,1,1,0
0,0,0,0,1,1,1,1,1,0
1,1,1,0,1,1,1,1,1,0
1,1,1,0,1,0,1,1,0,0
1,1,1,1,1,0,1,0,0,1
0,0,0,1,1,1,0,0,1,0
1,1,1,0,1,1,0,0,1,0
1,0,1,1,1,1,1,0,1,1
1,0,0,0,1,1,1,0,1,0
0,1,1,1,0,0,1,1,0,0
1,1,1,0,1,1,1,1,1,1
0,0,0,1,1,1,1,0,1,0
0,0,0,0,1,1,1,0,1,1
0,1,1,0,1,0,1,1,0,0
1,1,1,0,1,1,0,0,1,0
0,0,0,0,1,0,1,0,1,0
0,1,1,0,1,1,1,1,1,1
0,1,1,0,1,0,1,0,1,0
0,0,0,0,1,1,1,1,1,0
0,1,1,0,0,1,0,0,1,0
0,0,0,1,1,0,1,0,1,0
0,0,1,1,1,1,1,0,1,0
1,1,1,0,1,0,1,0,0,1
0,0,0,0,1,1,1,0,1,0
0,1,1,0,0,1,0,0,1,0
0,0,0,0,1,0,1,1,0,0
0,1,1,0,1,0,1,1,1,1
1,1,1,0,1,0,1,0,0,0
1,0,1,0,0,1,0,0,1,0
0,0,1,0,1,0,1,0,0,0
0,1,1,0,1,1,1,0,1,0
0,1,1,0,1,1,1,0,1,1
1,0,0,0,0,1,0,0,1,1
0,1,1,0,1,1,1,0,1,1
1,1,1,0,1,0,1,0,1,1
1,1,1,0,0,1,0,0,1,1
1,1,1,1,1,0,1,1,0,1
1,1,1,1,0,0,1,1,0,0
1,1,1,0,1,1,0,0,1,0
0,1,1,0,0,1,1,1,1,0
0,1,1,1,0,0,1,0,0,1
0,0,1,0,0,0,1,1,0,0
0,1,1,0,1,1,0,0,1,1
1,1,1,1,0,1,0,0,1,1
0,0,1,1,0,1,0,0,1,1
0,1,1,0,1,1,0,0,1,0
0,0,0,0,0,1,1,1,1,0
0,1,1,1,1,1,0,0,1,1
0,1,1,1,1,1,1,0,1,1
1,1,1,0,1,0,1,1,0,1
0,1,1,0,1,1,1,0,1,0
0,1,1,0,1,0,1,0,0,0
1,1,1,1,1,1,1,1,1,0
0,0,1,0,0,1,1,1,1,1
0,0,1,0,0,0,1,1,0,0
0,1,1,0,0,1,0,0,1,0
0,0,1,0,1,1,1,1,1,0
0,0,0,0,1,1,1,0,1,0
0,0,0,0,1,0,1,0,0,0
0,0,1,1,0,1,1,1,1,0
0,0,0,1,0,1,1,1,1,0
1,1,1,0,1,0,1,0,1,0
0,1,1,0,1,0,1,0,0,0
0,0,0,0,1,1,1,1,1,0
1,1,1,0,1,0,1,1,0,1
0,1,1,0,1,1,1,0,1,1
0,0,0,0,0,1,1,1,1,0
0,0,0,0,0,1,0,0,1,1
1,1,1,0,1,1,1,1,1,0
1,1,1,1,1,1,0,0,1,1
0,1,1,0,0,1,0,0,1,0
0,1,1,0,1,1,1,0,1,1
0,0,1,0,1,1,1,0,1,1
0,0,1,0,1,1,0,0,1,1
0,1,1,0,1,0,1,1,0,0
0,1,1,0,1,0,1,1,0,0
0,0,0,0,1,1,0,0,1,1
0,1,1,0,0,1,0,0,1,0
1,1,1,1,1,0,1,0,0,1
1,1,1,1,0,1,0,0,1,1
0,1,1,1,1,1,1,1,1,1
1,1,1,0,1,1,1,1,1,1
0,1,1,1,0,0,1,1,0,0
0,0,0,0,1,1,1,1,1,1
0,0,0,0,1,1,1,1,0,1
1,1,1,0,1,1,0,0,1,1
0,1,1,1,0,0,1,1,0,1
0,1,0,0,1,1,0,0,1,0
0,0,0,0,1,1,1,1,0,0
1,1,1,0,1,1,0,0,1,1
0,0,1,1,0,1,1,1,1,0
1,1,1,0,1,1,1,0,1,1
0,1,1,0,0,1,0,0,1,0
1,1,1,0,1,1,1,0,1,0
0,1,1,0,1,1,1,0,1,1
0,0,0,0,0,1,1,0,1,0
0,1,1,1,1,1,1,1,1,1
0,1,1,0,1,1,1,1,1,1
1,1,1,0,0,1,1,1,1,1
1,1,1,0,1,1,1,0,1,1
1,1,1,0,1,1,1,0,1,0
0,1,1,0,1,1,0,0,1,0
1,1,1,1,1,0,1,1,0,0
0,1,1,0,0,1,0,0,1,1
1,0,1,0,1,1,0,0,1,1
0,1,1,0,1,1,1,0,1,0
1,1,1,0,0,1,1,1,1,0
1,1,1,1,0,0,1,1,0,0
0,0,1,1,0,0,1,1,0,0
1,1,1,0,1,1,1,1,1,0
1,1,1,0,0,1,0,0,1,0
0,1,1,0,1,1,1,1,1,0
1,1,1,0,1,1,0,0,1,1
0,0,1,1,1,0,1,1,0,1
0,0,1,0,1,1,1,0,1,0
0,1,1,1,1,1,0,0,1,0
0,1,1,1,1,1,1,0,1,1
0,0,0,0,0,1,1,1,1,1
0,0,0,0,1,0,1,1,0,0
1,1,1,0,1,1,1,0,1,1
0,1,1,0,0,1,1,1,1,1
0,0,0,0,1,1,1,1,1,0
0,1,1,0,1,0,1,1,0,0
0,1,1,0,1,1,1,0,1,1
1,1,1,1,1,1,0,0,1,1
0,1,1,0,1,1,0,0,1,1
0,1,1,0,1,1,0,0,1,1
0,1,0,0,1,1,0,0,1,0
0,0,0,1,1,1,1,0,1,1
0,1,1,0,1,1,0,0,1,1
1,1,1,0,1,1,1,0,1,1
0,0,0,1,1,1,0,0,1,1
1,1,1,0,1,1,0,0,1,0
1,1,1,0,0,1,0,0,1,0
1,1,1,0,1,0,1,0,0,1
1,1,1,0,0,1,1,1,1,0
0,1,1,1,1,1,1,0,1,0
0,1,1,0,0,1,1,1,1,0
0,0,1,0,1,1,0,0,1,1
0,1,1,0,1,1,1,0,1,0
1,1,1,1,1,0,1,1,0,1
1,1,1,0,1,1,0,0,1,1
1,1,1,0,0,1,0,0,1,1
1,1,1,0,0,1,0,0,1,0
0,0,1,1,1,1,1,0,1,0
1,1,1,0,1,0,1,0,0,0
1,1,1,0,1,1,1,1,1,0
1,1,1,0,1,0,1,1,0,0
0,1,1,0,1,1,1,1,1,1
0,0,1,0,1,1,1,1,1,0
0,0,0,0,1,0,1,0,1,1
0,0,0,0,1,1,1,0,1,0
1,1,1,1,1,0,1,0,0,0
0,1,1,0,0,1,1,1,1,0
0,1,1,0,1,1,0,0,1,1
0,1,1,0,1,1,0,0,1,1
0,1,1,0,0,1,1,1,1,1
0,0,1,0,1,1,1,0,1,0
1,1,1,0,0,0,1,1,0,1
0,1,1,1,1,0,1,1,0,0
1,1,1,0,1,0,1,0,0,0
1,0,1,0,1,0,1,1,1,0
0,0,0,1,1,1,0,0,1,0
0,0,1,1,1,0,1,0,1,0
0,0,0,0,1,1,0,0,1,1
0,0,0,0,1,0,1,0,0,0
1,1,1,0,1,1,0,0,1,0
0,0,1,0,0,1,0,0,1,1
1,1,0,0,1,1,1,0,1,1
0,1,1,0,0,1,1,1,1,1
0,0,0,1,0,1,1,0,1,1
0,1,1,0,1,1,1,0,1,0
0,0,0,0,0,1,0,0,1,0
0,1,1,0,0,1,1,1,1,0
0,1,1,1,1,1,0,0,1,0
1,1,1,0,1,0,1,1,0,0
0,0,0,0,0,1,1,1,1,0
0,0,0,0,1,0,1,1,1,1
1,0,0,0,1,1,0,0,1,0
0,1,1,0,1,1,1,0,1,1
0,1,1,0,1,1,0,0,1,0
0,1,1,0,1,1,1,1,1,0
0,1,1,1,1,1,0,0,1,1
0,0,0,0,1,0,1,0,0,0
1,1,1,0,1,0,1,0,1,0
0,0,0,0,0,1,0,0,1,1
0,0,0,0,1,1,0,0,1,1
0,1,1,0,0,1,1,0,1,0
0,1,1,0,0,1,0,0,1,0
0,0,0,0,0,1,0,0,1,0
0,0,1,0,1,0,1,1,0,0
0,1,1,1,1,0,1,0,0,0
0,1,1,0,0,0,1,1,0,0
1,1,1,1,1,1,0,0,1,1
0,1,1,1,1,1,0,0,1,0
0,0,0,0,1,1,0,0,1,0
1,1,1,1,1,0,1,0,0,1
1,1,1,1,1,0,1,0,1,0
1,1,1,1,0,0,1,1,0,1
0,0,1,1,0,1,1,1,1,1
0,1,1,0,1,0,1,1,0,1
0,0,1,0,1,1,0,0,1,0
0,0,0,0,1,0,1,1,0,1
0,0,0,0,0,1,0,0,1,1
1,1,1,0,1,0,1,1,0,0
0,0,1,0,1,1,1,0,1,0
0,1,1,0,1,1,1,0,1,0
0,1,1,1,1,1,1,0,1,0
0,1,1,0,1,1,0,0,1,0
0,0,0,0,1,1,1,1,1,0
1,1,1,0,0,1,0,0,1,0
0,0,1,0,1,1,1,0,1,1
0,1,1,0,1,1,0,0,1,1
1,1,1,0,0,0,1,1,0,1
0,0,0,1,1,1,1,0,1,0
0,1,1,0,1,1,1,0,1,0
0,1,1,0,1,1,1,0,1,0
0,1,1,0,1,0,1,1,0,0
0,1,1,0,0,1,0,0,1,1
0,0,1,0,0,1,1,0,1,1
0,1,1,0,1,1,1,0,1,0
1,1,1,1,1,1,1,0,0,0
0,1,1,0,0,1,0,0,1,1
0,0,0,0,1,1,1,1,1,0
0,1,1,0,0,0,1,1,0,0
0,0,1,0,1,0,1,1,0,1
0,1,1,0,1,1,1,0,1,0
1,1,1,1,1,1,1,0,1,0
1,1,1,1,1,0,1,1,1,0
1,1,1,0,1,1,1,0,1,0
0,0,0,0,1,1,1,0,1,0
1,1,1,0,1,1,1,1,1,0
1,1,1,1,1,1,1,1,1,0
1,1,1,1,1,1,1,0,1,0
0,0,0,1,0,0,1,1,0,1
0,1,1,1,1,0,1,0,0,0
0,1,1,1,1,1,1,0,1,0
0,1,1,0,1,1,0,0,1,1
0,0,0,0,1,1,1,0,1,0
1,0,0,0,0,1,0,0,1,0
0,0,1,0,1,0,1,1,0,1
0,0,0,1,1,0,0,0,1,0
0,0,0,0,1,1,1,0,1,0
1,1,1,0,1,0,1,0,0,0
0,0,0,0,1,1,1,0,1,0
1,1,1,0,0,0,0,0,1,0
1,1,1,0,0,1,0,0,1,0
0,0,0,0,1,1,0,0,1,0
0,1,1,0,0,1,1,1,1,1
1,1,1,0,1,1,1,1,1,0
1,1,1,0,1,1,1,0,1,0
0,1,1,0,1,0,1,1,0,0
0,0,1,1,1,0,1,1,0,0
1,1,1,0,0,0,1,1,0,0
0,1,1,0,1,1,1,0,1,0
0,1,1,0,0,1,1,1,1,0
0,0,0,1,1,0,1,0,0,0
1,1,1,1,0,1,1,1,1,0
0,0,1,1,1,1,1,0,1,1
0,1,1,1,0,1,1,1,1,0
0,1,1,0,1,0,1,1,1,1
0,1,1,0,0,1,1,1,1,0
0,1,1,0,1,1,0,0,1,1
1,0,0,0,0,1,0,0,1,0
0,0,1,0,0,1,1,1,1,0
1,1,1,0,1,1,1,0,0,1
0,0,1,0,1,0,1,1,0,1
0,1,1,1,0,1,1,1,1,1
1,1,1,0,0,1,1,1,1,0
0,1,1,1,1,1,1,1,1,1
1,1,1,0,1,1,1,1,1,0
0,1,1,1,1,1,0,0,1,1
0,0,1,1,0,1,1,1,1,0
0,1,1,1,0,1,0,0,1,0
1,1,1,1,1,1,1,0,1,1
1,1,1,0,1,1,1,1,1,1
1,1,1,0,1,0,1,0,0,1
0,1,1,0,0,1,0,0,1,1
0,1,1,0,1,0,1,0,0,0
1,1,1,0,0,1,1,1,1,1
1,1,1,0,0,1,1,0,1,0
1,1,1,0,1,0,1,0,1,0
0,0,1,0,1,1,1,0,1,0
1,1,1,0,0,1,1,1,1,0
0,1,1,1,1,1,1,1,1,0
0,1,1,1,0,1,0,0,1,1
0,1,1,0,0,1,0,0,1,1
1,1,1,1,1,1,1,0,1,0
0,1,1,0,1,0,1,0,0,0
1,1,1,0,0,1,1,0,1,0
0,1,1,0,1,0,1,1,0,1
0,1,1,1,1,1,1,1,1,0
0,0,0,0,1,1,1,0,1,0
0,0,1,1,1,1,1,0,1,0
1,1,1,1,1,1,1,1,1,1
1,1,1,0,0,0,1,1,1,0
0,0,0,0,1,0,1,0,1,1
1,1,1,0,0,1,1,1,1,0
0,1,1,0,1,1,1,1,1,0
0,0,0,1,1,1,0,0,1,0
1,1,1,1,1,1,0,0,1,0
0,1,1,0,1,0,1,1,1,0
1,1,0,0,1,1,1,1,1,1
0,1,1,0,1,0,1,1,0,0
1,1,1,0,0,1,1,1,1,1
1,1,1,1,1,0,1,1,0,0
0,1,1,1,1,0,1,1,0,0
0,0,0,0,0,0,1,1,0,0
0,0,1,0,1,1,0,0,1,0
0,1,1,0,0,1,1,1,1,0
0,0,0,1,0,0,1,1,0,0
1,1,1,0,0,0,1,0,0,0
1,1,1,0,1,1,1,1,1,1
0,0,0,1,1,1,0,0,1,1
0,1,1,1,0,0,1,1,0,0
1,1,1,0,1,1,1,0,1,0
0,0,0,1,1,1,0,0,1,1
0,0,0,0,1,1,0,0,1,0
0,0,1,1,1,1,0,0,1,1
0,1,1,0,1,1,1,0,1,1
0,1,1,0,1,1,0,0,1,0
0,1,1,0,1,1,0,0,1,1
0,1,1,0,0,1,0,0,1,1
0,1,1,0,1,0,1,0,1,0
0,1,1,0,0,1,1,1,1,0
0,0,0,0,0,0,1,1,0,1
0,1,1,0,1,1,1,1,1,0
1,1,1,1,0,1,1,1,1,1
0,0,1,1,1,1,1,0,1,1
0,0,0,0,1,1,1,0,1,0
0,1,1,0,1,1,1,0,1,1
0,1,1,0,1,1,1,0,1,1
0,1,1,1,0,1,0,0,1,0
0,1,1,0,1,1,1,0,0,1
0,0,0,0,1,1,1,0,1,1
0,1,1,0,0,0,1,1,0,1
0,0,0,0,1,0,1,1,0,1
1,1,1,1,1,1,1,1,1,1
0,1,1,1,1,0,1,0,1,0
0,0,0,0,0,1,0,0,1,0
0,1,1,1,0,1,1,0,1,0
0,0,0,0,1,1,1,0,1,0
1,1,1,0,0,1,0,0,1,0
0,1,1,0,1,1,0,0,1,0
0,0,0,0,1,0,1,1,1,0
0,0,1,0,1,1,0,0,1,1
1,1,1,1,1,1,1,0,1,0
0,1,1,0,1,0,1,1,0,0
0,1,1,1,0,1,1,0,1,0
0,0,0,0,1,1,1,0,1,0
1,1,1,0,1,0,1,0,1,0
0,1,1,0,1,1,1,0,1,0
0,1,1,1,1,1,1,0,1,0
1,1,1,0,1,1,1,0,1,0
1,0,0,0,1,1,1,0,1,0
0,0,1,0,1,0,1,0,0,0
1,1,0,1,1,1,1,0,0,1
1,0,0,0,1,0,1,1,0,0
0,1,1,1,1,1,1,0,1,0
0,1,1,0,1,1,1,0,1,0
0,0,0,0,1,0,1,1,0,0
0,0,0,0,1,1,0,0,1,0
0,1,1,0,1,0,1,1,0,0
1,1,1,0,1,1,1,0,1,0
1,1,0,1,1,1,1,1,1,0
1,1,1,0,1,0,1,1,0,1
0,1,1,0,1,1,1,0,1,1
0,1,1,0,1,1,0,0,1,1
1,0,0,0,1,1,1,0,1,0
0,0,1,1,0,1,1,1,1,0
1,1,1,0,1,1,1,0,1,1
1,1,1,0,1,1,1,0,1,0
0,0,0,0,0,0,1,1,0,0
1,1,1,1,1,1,1,0,1,0
0,1,1,0,1,1,1,1,1,0
0,0,0,0,1,1,0,0,1,0
1,0,0,1,0,1,1,1,1,1
0,0,0,0,0,1,1,0,1,1
1,0,1,0,0,1,0,0,1,0
0,0,0,1,1,1,0,0,1,1
1,1,1,1,0,1,1,1,1,0
1,1,1,0,1,1,1,0,1,0
0,0,0,0,1,1,0,0,1,0
1,1,1,1,1,0,1,0,0,0
1,1,1,0,1,0,1,0,0,0
0,0,0,0,1,1,0,0,1,0
0,1,1,0,0,1,0,0,0,0
0,0,0,1,1,1,1,0,1,0
0,0,1,0,0,1,0,0,1,0
0,0,0,0,0,0,1,1,0,0
0,0,0,0,1,1,1,0,1,0
0,0,0,0,0,1,0,0,1,0
0,1,1,1,1,0,1,1,1,0
1,1,1,1,0,1,1,1,1,0
0,0,0,0,1,1,1,0,1,0
0,0,0,1,0,0,1,1,0,0
1,1,1,0,0,1,1,1,1,0
0,0,0,1,1,1,0,0,1,0
0,0,0,0,1,0,1,1,1,0
1,1,1,0,1,0,1,0,0,0
1,1,1,0,1,0,1,1,0,0
0,1,1,1,0,0,1,1,0,0
0,0,0,0,1,1,1,0,0,0
1,1,1,0,1,0,1,0,0,0
0,1,1,0,1,1,1,0,1,0
0,0,1,1,1,1,1,1,1,0
1,1,1,1,1,0,1,0,1,0
0,0,0,0,1,1,1,0,1,0
0,1,1,0,0,0,1,1,0,1
0,0,0,0,1,1,0,0,1,1
0,0,0,0,1,1,0,0,1,0
1,1,1,0,1,0,1,0,0,0
0,1,1,0,0,0,1,0,1,1
0,0,1,0,1,1,1,0,1,1
0,0,0,0,1,1,1,0,1,0
0,1,1,0,1,1,0,0,1,0
1,1,1,0,1,1,1,1,1,1
0,1,1,1,1,1,1,0,1,0
0,1,1,0,0,1,1,0,1,0
0,0,0,0,1,1,1,0,1,1
0,0,0,0,1,0,1,0,0,1
1,1,1,0,1,1,1,0,1,1
1,1,1,0,1,0,1,0,0,0
1,1,1,1,1,1,0,0,1,0
0,1,1,1,0,1,0,0,1,0
1,1,1,0,1,1,1,0,1,0
0,1,1,0,1,1,0,0,1,0
0,0,0,0,1,0,1,1,0,0
1,1,1,1,1,1,1,0,1,1
1,1,1,0,1,1,1,1,1,0
0,0,0,0,0,1,1,1,1,0
0,1,1,1,1,1,1,0,1,1
0,1,1,0,1,1,1,1,1,0
0,1,1,0,1,1,0,0,1,1
1,1,1,0,1,1,1,0,1,0
0,0,0,0,1,1,1,0,1,0
0,0,0,0,0,1,1,1,1,0
0,0,1,0,0,1,1,0,1,0
0,1,1,0,1,1,1,0,1,1
0,1,1,0,0,0,1,1,0,0
1,1,1,0,1,1,1,0,1,1
0,0,1,0,1,0,1,1,0,0
1,1,1,0,0,1,1,1,1,1
0,1,1,1,1,1,0,0,1,0
0,0,1,0,1,1,1,1,1,0
0,0,0,0,1,0,1,0,1,0
0,1,1,0,1,1,1,0,0,1
1,1,1,0,1,0,1,0,0,0
1,1,1,0,1,1,0,0,1,0
1,1,1,1,1,0,1,1,0,0
0,1,1,1,1,0,1,1,0,0
0,1,1,0,1,1,0,0,1,1
0,0,1,0,0,1,1,1,1,0
0,1,1,0,1,1,1,0,1,0
0,1,1,0,0,1,0,0,1,1
0,1,1,1,1,1,1,0,1,1
1,1,1,0,0,0,1,1,0,0
0,1,1,0,1,0,1,1,0,0
1,1,1,1,0,1,0,0,1,0
0,0,1,0,1,0,1,0,0,0
0,0,0,0,1,1,1,0,1,0
1,0,0,0,1,0,1,0,1,0
0,0,0,0,1,1,0,0,1,0
0,1,1,0,0,1,1,1,1,0
0,0,0,0,1,1,1,0,1,0
1,1,1,0,1,1,1,0,1,1
0,0,0,0,1,0,1,1,0,0
1,1,1,0,1,1,1,1,0,1
1,1,1,1,1,1,1,0,1,1
0,1,1,0,0,1,0,0,1,1
0,1,1,0,0,0,1,1,0,0
0,0,0,1,0,1,0,0,1,0
1,1,1,0,1,0,1,0,0,0
0,0,1,1,1,1,0,0,1,0
0,1,1,0,1,1,1,0,1,0
1,1,1,0,1,0,1,1,0,0
1,1,1,0,0,1,1,1,1,0
1,1,1,1,1,1,0,0,1,0
1,1,1,1,1,1,1,0,1,0
0,1,1,1,1,1,0,0,1,0
0,1,1,0,0,1,1,1,1,0
0,0,0,0,0,1,1,0,1,0
0,1,0,1,1,1,0,0,1,0
0,0,0,1,1,1,1,0,1,1
0,1,1,1,1,0,1,0,0,0
1,1,1,0,1,1,1,0,1,0
0,0,0,0,1,0,1,1,0,1
0,0,1,0,1,1,1,0,1,0
0,1,1,0,1,1,1,1,1,1
0,1,1,1,1,1,1,0,1,1
0,0,0,0,1,0,1,1,0,0
0,0,1,0,1,1,0,0,1,0
0,0,1,1,1,1,1,0,1,0
0,0,0,0,0,1,1,1,1,1
1,1,1,0,1,1,1,1,1,0
0,0,1,0,1,0,1,1,0,0
0,0,0,0,1,1,1,0,1,1
0,0,0,0,1,1,0,0,1,0
0,0,0,0,1,1,0,0,1,0
1,1,1,0,1,1,1,1,1,0
0,1,1,0,1,0,1,1,0,0
1,0,1,0,1,1,1,1,1,0
0,1,1,0,0,1,0,0,1,1
0,1,1,0,1,1,1,0,1,0
1,1,1,0,1,0,1,0,0,0
0,1,1,0,1,1,0,0,1,0
1,1,1,0,1,1,1,0,1,0
1,1,1,0,1,1,1,0,1,0
0,1,1,0,0,1,0,0,1,1
1,1,1,1,1,0,1,1,0,0
1,1,1,0,0,1,0,0,1,0
0,0,0,0,1,0,1,0,1,1
0,0,1,0,1,0,1,0,1,0
1,1,1,0,1,1,1,1,1,0
0,0,1,0,0,1,0,0,1,1
0,1,1,0,0,1,1,1,1,0
1,1,0,1,0,0,1,1,0,0
1,1,1,0,1,1,1,0,1,1
0,1,1,0,1,0,1,0,0,0
0,1,0,0,0,0,1,1,0,0
1,1,1,0,0,1,1,1,1,0
0,1,1,0,1,1,1,0,1,1
0,0,0,0,1,0,1,0,0,1
1,1,1,1,0,1,0,0,1,0
0,1,1,0,0,1,1,1,1,0
1,1,1,0,1,0,1,1,1,1
0,0,0,1,0,0,1,1,0,1
0,0,0,0,1,1,0,0,1,0
0,1,1,0,0,0,1,1,0,1
1,1,1,0,1,0,1,1,0,1
1,1,1,1,1,1,0,0,1,0
0,0,0,1,1,1,1,1,1,1
1,1,1,0,1,1,0,0,1,0
0,1,1,0,1,1,0,0,1,1
0,0,0,0,1,1,0,0,1,0
0,1,1,0,1,1,1,0,1,1
1,1,1,0,1,0,1,1,0,0
0,0,0,0,1,0,1,1,0,0
1,0,1,0,1,1,1,1,1,0
0,1,1,0,0,0,1,1,0,1
0,1,1,0,0,1,1,1,1,0
0,1,1,0,0,0,1,1,0,0
0,1,1,0,1,0,1,0,0,0
0,0,1,1,1,1,1,0,1,0
0,1,1,1,1,1,1,0,1,0
0,1,1,1,1,0,1,0,0,1
0,1,1,0,1,0,1,0,1,0
0,0,0,0,1,1,1,0,1,0
1,0,0,0,1,1,1,1,1,0
0,0,0,0,1,1,1,0,1,0
0,0,0,0,1,0,1,1,1,0
0,0,0,0,1,1,1,0,1,1
0,0,0,0,1,1,1,0,1,0
0,0,0,0,1,0,1,0,0,1
0,0,0,0,1,1,1,1,1,0
1,0,0,0,1,1,1,0,1,0
1,1,1,0,1,1,0,0,1,0
0,0,1,0,1,0,1,0,0,0
0,0,1,0,0,1,0,0,1,0
0,0,0,0,1,1,1,1,1,0
0,1,1,0,1,1,1,1,1,1
0,1,1,1,1,1,1,0,1,0
0,1,1,0,1,0,1,1,1,0
1,1,1,0,1,1,0,0,1,0
1,1,1,0,1,0,1,0,0,0
0,1,1,0,1,1,0,0,1,0
0,1,1,0,0,1,0,0,1,0
1,1,1,1,1,0,1,1,0,0
0,0,0,0,0,1,1,1,1,0
0,0,1,0,1,1,1,1,0,0
0,0,0,0,0,1,1,1,1,1
0,1,1,1,1,1,1,1,1,0
0,0,1,0,1,1,1,0,1,0
1,1,1,0,1,1,0,0,1,0
0,1,1,0,1,1,1,0,1,0
1,1,1,0,1,0,1,0,0,1
0,1,0,1,1,0,1,0,0,0
0,1,1,0,0,1,0,0,1,0
0,1,1,0,0,1,0,0,1,0
0,0,0,0,0,1,1,1,1,0
1,1,1,0,0,0,1,1,0,0
1,1,0,0,1,1,1,0,1,1
1,1,1,0,1,0,1,1,0,1
0,0,0,0,1,0,1,0,0,0
0,0,1,0,1,1,0,0,1,0
0,0,0,0,0,0,1,1,0,0
0,0,0,1,1,1,1,1,1,0
1,1,1,0,1,1,0,0,1,0
0,1,1,0,1,0,1,1,0,0
0,0,0,1,1,1,1,1,1,0
1,1,1,0,0,1,1,0,1,0
0,1,1,0,0,0,1,1,0,0
0,1,1,0,1,0,1,1,0,0
1,1,1,0,1,0,1,0,0,0
0,1,0,0,0,1,1,1,1,0
0,1,1,0,0,1,1,0,1,0
1,1,1,0,0,1,1,1,1,0
1,1,1,0,1,1,0,0,1,0
0,0,0,0,1,1,1,0,1,0
1,1,1,0,0,0,1,1,0,0
0,0,0,1,1,0,1,0,0,0
0,1,1,0,0,0,1,1,1,0
0,0,1,0,1,1,1,0,1,0
0,0,1,0,1,1,1,0,1,0
1,1,1,0,0,1,1,1,1,0
1,1,1,0,1,1,1,1,1,0
1,1,1,0,1,1,1,0,1,0
1,1,1,0,1,0,1,1,0,0
0,1,1,0,1,1,1,0,1,0
0,0,1,0,1,1,1,1,1,0
0,1,1,0,1,1,1,1,1,0
1,1,1,0,1,1,1,0,1,0
1,1,1,0,0,1,1,1,1,0
0,1,0,1,1,0,1,0,0,0
1,1,1,0,1,1,1,0,1,0
0,1,1,0,1,1,1,0,1,0
0,0,0,0,0,1,0,0,1,0
0,1,1,1,1,1,1,1,1,1
0,1,1,0,0,1,0,0,1,0
1,1,1,0,0,1,0,0,1,0
0,1,1,0,0,0,1,0,0,0
0,0,0,0,1,0,1,0,0,0
0,1,1,1,1,1,1,1,1,0
0,1,1,0,1,1,0,0,1,1
0,0,0,0,1,0,1,1,0,0
0,0,1,0,1,0,1,1,1,0
0,1,1,0,0,1,1,1,1,0
0,0,0,0,1,1,0,0,1,1
0,1,1,0,1,0,1,1,0,0
1,1,1,1,0,0,1,1,0,0
0,1,1,1,1,1,1,0,1,0
1,1,1,1,1,1,0,0,1,0
1,1,1,1,1,0,1,1,0,0
1,1,1,0,0,1,0,0,1,0
1,1,1,0,1,1,1,0,1,0
1,1,1,0,1,1,1,0,1,0
1,1,1,0,0,1,1,1,1,0
1,1,1,1,0,1,1,1,0,0
1,0,0,1,1,0,1,1,0,0
1,1,1,0,1,1,1,0,1,1
1,1,1,0,1,1,0,0,1,0
0,1,1,0,1,1,1,0,1,0
0,1,1,1,1,1,1,0,1,0
1,1,1,1,0,1,0,0,1,0
0,1,1,1,0,1,0,0,1,1
0,0,0,1,1,0,1,0,0,0
0,0,0,0,0,0,1,1,0,0
1,1,1,1,1,1,0,0,1,0
0,0,0,0,0,1,1,0,1,0
0,0,1,0,0,0,0,0,0,0
0,1,1,0,0,1,1,1,1,0
0,1,1,0,1,0,1,1,1,0
1,1,1,1,1,1,1,0,1,0
1,1,1,0,1,1,0,0,1,1
1,1,1,0,1,1,0,0,1,0
0,1,1,0,1,1,0,0,1,0
0,0,0,0,1,1,1,0,1,0
0,0,1,1,1,1,1,0,1,0
0,1,1,1,1,1,0,0,1,0
1,0,0,1,1,0,1,0,1,0
0,0,0,0,1,1,0,0,1,0
0,0,1,0,1,1,1,0,1,0
1,1,1,1,0,0,1,1,0,1
0,1,1,1,1,1,1,0,1,0
0,0,0,0,0,1,1,1,1,0
0,0,0,0,1,1,0,0,1,1
1,1,1,0,1,1,0,0,1,0
0,1,1,0,1,1,1,0,1,0
0,1,1,0,1,0,1,0,1,0
1,1,1,0,1,0,1,1,0,0
1,1,1,0,1,1,0,0,1,0
1,1,1,0,1,1,1,0,1,0
0,0,0,0,1,0,1,1,1,0
0,0,0,1,0,1,1,1,1,1
0,1,1,0,1,0,1,0,0,0
1,1,1,1,1,1,0,0,1,0
0,1,1,1,0,0,1,1,1,0
0,0,0,0,1,1,0,0,1,0
0,0,0,0,0,1,0,0,1,0
1,1,1,0,1,1,0,0,1,1
1,0,0,0,1,0,1,1,0,0
0,1,1,0,0,0,1,1,1,0
0,0,0,1,1,0,1,1,0,0
0,0,0,0,1,0,1,1,1,0
1,1,1,0,1,1,1,0,1,0
1,1,1,0,1,1,0,0,1,0
1,0,0,0,0,0,1,1,0,0
0,0,0,0,1,1,1,1,1,0
0,1,1,0,0,1,0,0,1,0
0,1,1,0,1,1,1,0,1,0
1,1,1,0,0,1,0,0,1,0
1,1,1,0,1,1,0,0,1,0
0,0,0,0,1,1,0,0,1,0
0,0,1,0,1,0,1,1,0,0
0,0,0,0,1,0,1,0,1,0
0,1,1,0,1,1,1,0,1,0
0,0,0,0,0,1,1,0,1,0
1,1,1,0,0,1,0,0,1,0
0,1,1,0,1,1,0,0,1,1
1,1,1,0,1,1,1,1,1,1
0,1,1,0,1,1,1,0,1,0
0,1,1,0,1,1,0,0,1,0
1,1,1,0,1,1,1,0,1,0
0,1,1,0,1,1,1,0,1,0
0,0,0,0,0,0,1,1,0,0
1,0,0,0,1,0,1,1,0,0
0,0,0,1,0,0,1,1,0,0
0,0,0,1,1,1,0,0,1,0
0,0,1,0,1,1,0,0,1,0
1,1,0,1,1,1,1,0,1,0
0,0,0,0,1,0,1,0,1,0
0,1,1,0,1,0,1,1,0,0
0,0,1,0,1,1,1,0,1,0
0,0,0,0,0,0,1,1,0,0
0,0,0,0,1,1,0,0,1,1
0,0,0,0,1,1,1,0,0,0
1,1,1,0,1,1,1,1,1,1
1,1,1,1,1,0,1,0,0,0
1,1,1,0,1,0,1,1,0,0
1,0,0,1,1,1,1,0,1,0
0,0,0,0,0,0,1,1,0,1
0,1,1,1,0,1,0,0,1,1
0,0,0,0,1,0,1,1,0,0
1,0,0,0,1,1,0,0,1,0
0,1,1,0,0,1,0,0,1,1
0,1,1,0,1,0,1,1,0,0
0,1,1,0,1,1,1,1,1,1
1,1,1,0,0,1,0,0,1,0
1,1,1,1,1,0,1,0,1,0
1,0,0,0,0,1,0,0,1,0
0,1,1,0,1,1,0,0,1,0
1,1,1,0,1,1,0,0,1,1
0,0,0,0,0,1,0,0,1,0
0,0,0,0,1,1,0,0,1,0
1,1,1,0,1,1,1,0,1,0
0,0,0,1,0,1,0,0,1,0
0,0,0,0,0,0,0,0,0,0
1,1,1,0,1,1,0,0,1,0
1,1,1,0,0,0,1,1,0,0
0,1,1,0,1,0,1,1,1,0
1,1,1,0,1,1,1,0,1,0
0,0,0,1,0,0,1,1,0,0
1,0,0,0,1,1,0,0,1,0
0,0,0,0,0,1,1,0,1,0
0,1,1,1,0,1,1,1,1,0
0,0,0,0,0,1,0,0,1,0
0,1,1,1,0,0,0,0,1,0
0,0,1,0,0,1,1,1,1,0
0,0,0,0,1,0,1,1,0,0
0,1,1,1,1,0,1,0,1,0
1,1,1,1,1,0,1,0,0,0
1,1,1,0,1,0,1,1,0,0
0,0,0,1,1,1,0,0,1,0
0,0,1,0,1,0,1,0,0,0
0,0,0,0,1,1,0,0,1,0
0,1,1,0,1,1,1,0,1,1
0,1,1,1,1,1,0,0,1,0
0,1,1,1,1,1,0,0,1,0
0,1,1,0,1,1,1,0,1,0
0,0,0,0,1,1,1,0,1,0
1,1,1,0,1,0,1,0,0,0
1,1,1,0,1,1,0,0,1,0
0,0,0,0,1,1,1,0,1,0
0,1,1,0,1,1,1,0,1,0
1,1,1,0,1,1,1,0,1,0
0,0,1,0,1,1,0,0,1,0
0,1,1,0,1,0,1,1,0,0
0,0,0,0,1,1,0,0,1,0
1,1,1,0,1,0,1,1,0,0
0,0,1,0,1,0,1,0,0,0
0,1,1,0,1,0,1,0,0,0
0,0,1,0,1,0,1,0,0,0
1,1,1,0,1,0,0,0,1,1
1,1,1,0,0,1,1,1,1,0
0,1,1,0,0,0,1,1,1,0
0,1,1,0,1,1,1,1,1,0
1,1,1,0,1,1,0,0,1,0
0,0,0,1,1,1,1,0,1,0
0,0,0,0,0,1,0,0,1,0
0,1,1,0,1,1,1,0,1,0
1,1,1,1,0,1,1,1,1,0
0,1,1,0,1,1,1,0,1,0
0,1,1,1,1,0,1,0,1,0
0,1,1,0,1,1,1,1,1,1
0,1,1,0,1,1,1,0,1,0
1,1,0,0,1,0,1,1,0,0
0,0,1,1,1,0,1,1,0,0
0,1,1,1,0,1,0,0,1,0
0,1,1,0,1,1,1,0,1,0
0,1,1,0,1,1,1,0,1,0
1,1,1,1,1,0,1,0,0,0
0,1,1,0,1,0,1,1,0,0
0,0,0,0,1,1,1,0,1,0
0,0,0,1,0,1,0,0,1,0
1,1,1,0,1,1,0,0,1,0
1,1,1,0,1,0,1,1,0,0
1,1,1,0,1,1,1,1,1,0
0,1,1,0,0,0,1,1,0,0
0,1,1,1,1,1,0,0,1,0
0,1,1,0,1,1,1,0,1,0
0,0,1,0,0,0,1,1,0,0
0,1,1,1,0,1,0,0,1,0
1,1,1,1,1,0,1,1,0,0
1,1,1,0,1,0,0,0,1,0
0,0,0,1,1,1,0,0,1,0
0,1,1,0,1,1,0,0,1,1
1,1,1,0,1,1,0,0,1,0
0,1,1,0,0,1,0,0,1,0
0,1,1,0,1,0,1,0,1,0
0,0,1,0,1,1,0,0,1,0
0,1,1,1,1,0,1,1,0,0
0,1,1,0,1,1,0,0,1,1
0,0,0,0,1,1,1,0,1,0
0,1,1,0,1,1,0,0,1,0
0,0,0,0,0,1,0,0,1,0
0,1,1,1,1,1,1,0,1,0
0,0,0,0,1,1,1,0,1,0
0,1,1,1,0,1,1,1,1,0
0,1,1,0,0,1,1,1,1,0
0,0,0,0,0,1,1,1,1,0
0,0,0,0,0,1,0,0,1,0
0,1,1,0,1,0,1,0,0,0
0,0,0,0,1,1,1,0,1,0
1,1,1,0,1,0,1,0,0,0
0,1,1,1,1,1,1,1,1,0
0,1,1,0,1,0,1,0,0,0
0,1,1,1,0,0,1,1,0,0
0,0,0,0,1,1,1,0,1,0
1,1,1,1,1,1,1,1,1,0
0,0,1,0,1,1,0,0,1,0
0,1,1,1,1,1,1,0,1,0
0,1,1,0,1,0,1,1,0,0
1,1,1,0,1,1,1,0,1,0
0,0,1,0,0,1,0,0,1,0
1,1,1,0,1,0,1,1,0,0
0,0,0,0,0,0,1,1,0,0
0,1,1,0,0,1,1,1,1,0
1,1,1,0,1,1,1,0,1,0
0,1,1,0,1,1,1,1,1,0
0,0,0,0,1,1,0,0,1,0
0,0,0,1,1,1,1,0,1,0
0,0,0,1,1,1,0,0,1,0
0,1,1,0,0,1,1,1,1,0
0,0,0,0,1,1,0,0,1,0
0,0,1,0,0,1,0,0,1,0
0,1,1,0,0,1,1,1,1,0
0,1,1,1,0,1,0,0,1,0
1,1,1,1,1,1,1,1,1,1
0,1,1,0,0,1,1,1,1,0
1,1,1,1,0,0,1,1,0,1
0,1,1,0,1,1,1,0,1,0
0,0,0,0,0,1,1,0,1,0
1,1,1,0,1,0,1,1,0,0
0,1,1,0,0,0,1,1,0,0
1,1,1,0,0,1,1,1,0,0
1,1,1,1,0,0,1,1,0,0
0,1,1,1,1,0,1,0,0,0
1,0,0,0,0,1,1,1,1,0
1,1,1,1,0,1,0,0,1,0
0,1,1,0,1,1,1,0,1,0
1,1,1,0,1,1,1,1,1,0
0,0,0,0,1,1,0,0,1,0
0,0,1,0,0,0,1,1,0,0
1,1,1,1,1,1,0,0,1,0
0,0,1,0,1,0,1,0,1,0
0,0,0,0,1,1,0,0,1,0
0,0,1,0,0,1,1,0,1,0
0,0,0,0,1,1,0,0,1,0
0,1,1,0,1,0,1,1,0,0
0,0,1,0,1,1,0,0,1,0
0,0,0,1,1,1,1,0,1,0
0,1,1,0,0,0,1,1,0,0
0,1,1,0,1,0,1,1,0,0
0,1,1,0,1,0,1,0,0,0
0,0,1,1,1,0,1,0,1,0
0,1,1,0,0,1,1,1,1,0
1,1,1,0,1,0,1,1,1,0
1,1,1,0,0,1,1,0,1,0
0,1,1,1,1,1,1,0,1,0
0,1,1,0,1,0,1,0,0,0
1,1,1,0,0,1,1,1,1,0
0,0,0,0,1,1,0,0,1,0
1,1,1,1,0,1,1,0,1,1
0,0,0,0,0,1,1,1,1,0
0,1,1,0,1,0,0,0,1,0
1,1,1,0,1,0,1,0,1,0
0,0,0,0,0,1,1,0,1,0
0,1,1,0,1,0,1,0,0,0
0,1,1,0,0,1,0,0,1,0
1,1,1,0,1,1,1,0,1,0
0,1,1,1,0,1,1,1,1,0
0,1,1,0,1,1,1,1,1,1
1,1,1,0,1,0,1,1,0,0
0,0,1,0,1,0,1,0,0,0
0,1,1,0,1,1,1,1,1,0
0,1,1,0,1,0,1,1,1,0
1,1,1,0,1,0,1,1,1,0
1,1,1,0,1,0,1,1,1,0
0,1,1,0,1,1,1,0,1,0
1,1,1,0,1,1,1,0,1,0
0,1,1,0,1,1,1,0,1,0
0,0,0,0,1,1,1,0,1,0
0,1,1,1,0,1,1,1,1,0
0,1,1,0,1,0,1,0,1,0
1,1,1,0,1,1,0,0,1,1
0,1,1,1,1,1,1,1,1,1
1,1,1,0,0,1,1,1,0,0
1,1,1,0,0,1,0,0,1,1
1,1,1,0,1,0,1,1,0,1
0,1,1,1,0,1,1,0,1,0
1,1,1,0,1,0,1,1,0,0
1,1,1,0,1,0,1,0,0,0
1,1,1,0,0,0,1,1,0,0
1,1,1,0,1,0,1,1,1,0
1,1,1,0,1,1,1,1,1,0
0,1,1,1,1,1,1,0,1,0
0,0,0,0,0,1,1,1,1,0
0,0,1,0,1,1,0,0,1,0
1,1,1,1,0,1,1,1,1,0
1,1,1,0,0,1,0,0,1,0
1,1,1,0,1,1,0,0,1,1
0,1,1,1,1,0,1,1,0,0
0,1,0,0,1,0,0,0,1,0
0,1,1,1,1,1,1,0,1,0
1,1,1,0,1,0,1,0,0,0
1,1,1,0,1,0,1,0,0,1
0,0,0,0,0,1,0,0,1,1
1,1,1,0,0,0,1,1,0,0
0,1,1,0,1,1,1,0,1,0
1,1,1,0,1,0,1,0,0,0
0,1,1,1,1,1,1,0,1,0
0,0,0,0,1,1,0,0,1,0
1,1,1,0,0,0,1,0,1,0
1,0,0,0,1,0,1,1,0,0
0,1,1,0,1,1,0,0,1,0
1,1,1,1,0,1,0,0,1,1
0,1,1,1,0,0,1,1,0,0
0,1,1,1,1,0,0,0,1,1
0,0,0,1,0,1,1,1,1,0
1,1,1,1,0,1,0,0,1,0
0,0,0,0,1,1,1,0,1,0
0,0,0,0,0,1,0,0,1,0
0,1,1,1,1,1,0,0,1,0
1,1,1,0,0,0,1,1,0,0
0,0,1,0,0,0,1,0,0,0
0,0,0,0,1,0,1,0,0,0
0,0,1,0,1,1,0,0,1,0
1,1,1,0,0,0,1,0,1,0
1,1,1,0,1,1,1,0,1,0
0,1,1,0,0,1,0,0,1,0
0,0,0,0,1,1,1,0,1,0
0,0,1,1,1,1,1,0,1,0
1,1,1,0,1,1,1,0,1,0
0,0,0,0,1,1,1,0,1,0
0,0,0,1,1,1,1,0,1,0
0,0,0,0,1,1,1,0,1,0
0,1,1,0,1,1,0,0,1,0
1,1,1,0,1,1,0,0,1,0
1,1,1,0,1,1,1,0,1,1
0,1,1,1,1,0,1,0,0,0
0,0,0,0,0,1,0,0,1,0
0,0,0,1,1,0,1,0,1,0
0,0,0,0,1,1,0,0,1,0
0,0,0,0,0,1,0,0,1,0
0,0,1,0,1,1,1,0,1,0
1,0,1,0,1,1,0,0,1,0
0,0,0,0,1,1,1,0,1,0
0,1,1,0,1,1,1,1,1,0
0,0,1,0,0,0,1,1,0,1
0,1,1,0,0,1,0,0,1,0
1,1,0,0,1,1,1,0,1,0
1,1,1,1,1,1,1,0,1,0
0,0,0,1,1,0,1,0,0,0
0,0,0,0,1,1,0,0,1,0
1,1,1,0,1,1,1,0,1,1
0,0,0,0,1,0,1,0,0,0
0,0,0,0,0,1,1,1,1,0
0,0,0,0,1,1,1,0,1,0
0,0,0,0,1,1,0,0,1,0
1,1,1,0,0,1,1,1,1,1
1,1,1,0,1,0,1,1,0,0
0,0,1,0,1,0,1,0,0,0
1,1,1,0,1,1,0,0,1,0
1,0,0,0,1,1,1,1,1,0
0,0,0,0,1,1,1,0,1,1
0,1,1,0,1,1,0,0,1,0
0,1,1,0,1,1,1,1,1,0
0,0,0,0,0,1,1,1,0,0
0,1,1,1,1,1,0,0,1,0
1,1,1,0,1,1,1,0,1,0
0,0,0,0,0,1,0,0,1,0
1,1,1,1,0,1,1,1,1,0
1,0,0,1,0,1,1,1,1,0
0,1,1,1,1,1,1,0,1,0
0,1,0,0,0,1,0,0,1,0
0,0,0,0,1,1,0,0,1,0
1,1,1,0,1,0,1,1,1,0
0,0,0,0,1,1,0,0,1,0
0,1,1,1,1,1,1,1,1,0
1,1,1,0,0,1,1,1,1,0
1,1,1,0,1,1,0,0,1,0
0,1,1,0,1,1,1,0,1,0
0,0,0,1,1,1,1,0,1,0
1,0,0,0,1,0,1,0,0,0
0,0,0,0,1,1,0,0,1,1
0,1,1,0,1,1,1,0,1,0
0,1,1,0,0,1,1,0,1,0
0,0,0,0,1,1,1,0,1,0
1,1,1,0,1,1,0,0,1,0
0,1,1,1,0,1,1,1,1,0
1,1,1,1,0,1,0,0,1,0
0,1,1,0,0,1,0,0,1,0
1,0,1,1,1,1,1,0,1,1
0,0,0,0,1,0,1,0,1,0
1,1,1,1,0,1,0,0,1,0
0,0,0,0,0,1,1,1,1,1
0,0,0,0,1,1,0,0,1,0
0,1,1,1,0,1,0,0,1,0
1,1,1,0,0,1,1,1,1,0
1,1,1,1,1,1,1,0,1,0
0,1,1,0,1,1,0,0,1,0
1,1,1,0,0,0,1,1,0,1
1,0,0,0,0,0,1,1,0,0
1,0,1,0,0,0,1,1,0,0
0,0,0,0,0,1,1,1,1,1
0,0,0,0,1,1,1,1,1,1
1,1,1,0,1,1,0,0,1,1
1,1,1,0,1,1,0,0,1,0
0,1,1,1,1,1,0,0,1,1
1,1,1,0,1,0,1,0,1,0
0,1,1,0,1,1,0,0,1,0
1,1,1,0,1,1,1,0,1,0
0,0,0,1,1,1,0,0,1,0
1,1,1,0,1,0,1,0,0,0
1,1,1,0,1,0,1,0,0,0
0,1,1,0,0,1,1,1,1,0
0,1,1,0,0,1,0,0,1,0
0,0,0,0,0,0,1,0,0,1
1,1,1,1,1,0,1,0,0,0
0,1,1,0,1,1,0,0,1,0
0,1,1,1,1,1,1,0,0,0
1,1,1,0,0,1,0,0,1,1
1,1,1,0,1,1,1,0,1,0
1,1,1,1,1,1,1,0,1,0
0,0,0,1,0,1,0,0,1,1
0,0,0,0,1,1,1,0,1,0
0,1,1,1,0,1,1,1,1,0
0,0,0,0,1,1,0,0,1,0
1,1,1,1,1,1,1,1,1,0
0,0,0,0,0,1,1,0,1,0
1,1,1,1,1,0,1,0,0,0
0,1,1,0,1,1,1,1,0,0
1,1,1,0,1,1,1,1,1,0
0,1,1,0,0,1,0,0,1,0
0,1,1,0,0,0,1,1,0,0
0,1,1,0,1,1,1,1,1,0
0,1,1,0,1,0,1,0,1,0
0,0,0,1,1,1,1,0,1,0
0,1,1,0,1,0,1,1,0,0
1,1,1,0,1,1,0,0,1,0
0,1,1,0,1,1,0,0,1,0
1,1,1,1,1,0,0,0,1,1
0,0,1,0,0,1,1,0,1,0
0,0,1,1,1,0,1,0,0,1
0,0,0,0,1,1,0,0,1,1
0,1,1,0,0,1,1,1,1,1
0,0,0,1,1,1,1,1,1,1
0,1,1,1,1,0,1,1,1,0
1,1,1,0,1,1,1,0,1,0
0,1,1,0,1,1,0,0,1,0
1,1,1,0,1,0,1,1,0,0
0,1,1,1,0,1,1,0,1,0
0,1,1,0,0,0,1,0,1,0
0,1,1,0,1,1,1,0,1,0
1,0,0,0,1,1,1,0,1,0
0,1,0,0,1,0,1,0,0,1
0,0,0,0,0,1,1,1,1,0
0,0,0,0,0,0,1,1,1,0
0,1,1,0,1,1,1,0,1,0
0,0,0,0,0,0,1,1,0,0
0,1,1,0,1,0,1,0,0,0
0,1,1,0,0,1,0,0,1,0
0,1,1,0,0,1,0,0,1,0
0,0,0,0,1,0,1,1,1,0
1,1,1,0,0,1,1,0,1,0
0,0,0,1,0,0,1,1,0,0
0,1,1,0,1,0,1,1,0,0
0,0,0,0,1,1,1,0,0,0
0,1,1,1,1,0,1,0,1,0
0,1,1,1,0,1,1,0,1,0
1,1,1,1,0,1,0,0,1,0
0,0,0,0,1,1,0,0,1,0
1,1,1,1,1,0,1,0,0,0
0,0,0,0,1,1,0,0,1,0
1,0,0,0,1,1,0,0,1,1
1,1,1,1,1,1,1,0,1,0
0,0,0,0,0,1,1,1,1,0
1,1,1,0,1,1,0,0,1,0
0,0,1,0,0,0,1,1,0,0
0,0,0,0,1,1,1,0,1,0
0,0,0,1,1,1,1,1,1,0
1,1,1,1,1,0,1,1,0,0
0,1,1,1,0,1,0,0,1,1
0,0,0,0,1,1,1,1,1,0
1,1,1,0,1,1,0,0,1,0
0,0,1,1,1,1,1,1,1,0
0,0,0,0,1,1,1,0,1,0
1,1,1,0,1,0,1,0,0,0
0,0,0,0,1,0,1,0,0,0
1,1,1,1,1,1,0,0,1,0
0,1,1,0,1,1,0,0,1,0
0,0,0,1,1,1,0,0,1,0
0,1,1,0,0,1,0,0,1,0
1,1,1,0,1,0,1,0,0,0
0,0,1,0,0,1,1,0,1,0
0,0,1,0,1,1,1,0,1,0
0,0,0,0,1,1,1,0,1,0
0,1,1,1,0,1,0,0,1,0
0,0,0,0,0,1,1,1,0,0
0,1,1,0,0,0,1,1,0,0
1,1,1,1,1,1,0,0,1,0
0,0,0,1,1,1,1,0,1,0
0,0,0,1,1,1,0,0,1,0
1,1,0,1,0,0,1,1,0,1
0,0,0,0,1,0,1,0,0,0
1,1,1,1,1,0,1,1,0,0
1,1,1,1,1,0,1,1,0,0
1,1,1,1,1,1,1,0,1,0
1,1,1,0,1,1,1,0,1,0
0,0,0,0,0,0,1,1,0,0
1,0,1,1,1,1,1,1,1,0
0,1,1,0,1,1,0,0,1,1
0,1,1,1,1,1,0,0,1,0
0,1,1,0,1,1,1,0,1,0
1,1,1,1,1,0,1,1,0,0
0,0,1,1,0,1,1,1,1,0
1,0,1,0,1,1,1,0,1,0
1,1,1,0,1,1,1,0,1,0
0,1,1,0,1,0,1,0,0,0
1,1,1,0,1,0,1,0,0,0
0,0,0,0,1,0,1,0,1,0
0,1,1,0,1,0,1,1,1,0
0,1,1,0,1,1,0,0,1,0
1,1,1,0,0,0,1,1,0,0
0,0,0,0,1,1,1,1,1,0
0,0,1,0,1,1,1,1,1,0
0,1,1,1,1,1,1,0,1,0
0,1,1,0,1,1,1,1,1,0
1,1,1,1,1,0,1,0,0,0
0,0,0,0,1,0,1,1,1,0
0,1,1,0,1,0,1,1,1,0
1,1,1,0,1,1,1,0,1,0
0,1,0,0,1,1,0,0,1,0
0,1,1,0,1,1,1,0,1,0
0,0,0,1,1,1,0,0,1,1
0,1,1,0,1,1,1,0,1,1
0,1,1,1,1,1,0,0,1,0
0,0,0,1,0,1,1,1,1,0
1,1,1,0,1,1,0,0,1,0
0,1,1,0,1,1,0,0,1,0
0,1,1,0,1,0,1,0,0,0
0,0,0,0,0,1,1,1,0,0
