rs4849332,rs11123242,rs13014858,rs1430094,rs746710,rs6737251,rs10496465,rs1422993,rs1023555,rs898070,rs963218,rs1419835,rs1345267,rs324396,rs324957,rs324981,rs1419780,rs325462,rs727162,rs10250709,rs6958905,rs10238983,rs2031532,rs2247119,rs8000149,rs512625,rs2853215,ASTHMA
1,1,1,1,1,0,1,0,1,1,0,1,1,0,0,1,0,0,0,1,1,1,1,1,1,0,0,0
1,1,1,1,1,0,1,1,0,0,0,0,0,1,1,0,0,1,0,0,0,0,1,0,1,1,1,0
1,1,1,1,1,1,0,0,1,0,1,1,1,0,0,1,1,0,1,1,1,1,0,0,0,1,0,0
1,0,1,1,1,1,0,1,0,1,1,0,1,0,1,1,1,1,0,0,0,0,1,1,1,1,0,0
0,0,0,0,1,1,0,1,0,0,0,0,1,0,0,1,1,0,0,1,1,1,0,0,0,1,1,1
1,0,1,1,1,0,0,0,1,0,1,1,1,0,0,1,1,1,1,0,0,0,1,0,1,1,0,0
1,1,1,1,1,0,0,0,0,0,0,0,1,0,0,1,1,0,0,1,1,1,1,1,1,1,1,0
1,0,1,1,1,0,0,0,0,1,1,0,0,1,1,0,0,1,1,1,1,0,1,0,1,1,0,0
1,0,1,1,1,1,0,1,0,1,1,0,0,1,1,1,0,1,0,1,1,1,1,1,1,0,1,0
0,0,0,0,1,1,0,0,0,1,1,1,1,0,1,1,1,1,0,0,0,0,1,0,1,1,0,0
1,1,1,0,1,1,0,1,0,0,0,0,1,0,0,1,1,0,0,0,0,0,0,1,0,0,1,0
1,1,1,0,1,1,0,1,0,0,0,0,1,1,1,0,0,0,0,0,0,0,1,1,1,0,1,0
1,0,1,1,1,1,0,1,1,1,1,1,0,0,0,1,0,0,0,1,1,1,0,1,0,1,0,0
0,0,1,1,1,0,1,0,0,1,1,0,0,0,1,1,0,1,1,0,0,0,0,1,0,0,0,0
0,0,0,0,1,1,1,0,0,1,1,1,0,1,1,0,0,1,0,1,1,1,0,0,0,1,1,0
1,1,1,1,1,0,1,0,0,1,1,0,0,0,1,0,0,1,1,1,1,1,1,0,1,1,1,0
1,0,1,1,1,0,0,1,0,1,1,0,1,0,0,1,0,1,0,1,1,1,1,0,1,1,1,0
1,0,1,1,1,1,0,0,1,1,1,1,1,0,1,0,0,1,1,0,0,0,1,1,1,1,1,0
1,1,1,1,1,0,0,0,0,0,0,0,1,0,1,1,1,1,1,1,1,1,0,0,0,1,0,0
1,0,1,1,1,1,0,0,1,1,1,1,1,0,0,1,0,0,0,1,1,1,0,0,0,0,1,0
1,0,1,1,1,0,0,0,1,0,1,1,1,0,0,1,1,0,1,1,1,0,1,0,1,0,0,0
0,0,0,0,0,1,0,0,0,0,0,0,1,1,1,0,0,1,1,1,1,1,0,0,1,1,0,0
1,0,1,1,1,1,1,1,0,0,0,0,0,1,1,0,0,1,0,0,0,0,1,1,1,1,0,0
1,1,1,1,1,1,0,0,1,1,1,0,0,1,1,0,0,1,0,1,1,1,1,0,1,1,0,0
0,0,0,0,0,0,1,0,1,1,1,1,0,0,0,1,0,0,0,1,1,1,1,0,1,1,1,0
1,0,1,1,1,1,0,1,1,1,0,0,1,1,1,1,1,1,1,1,1,0,1,0,1,1,1,0
1,1,1,1,1,1,0,0,0,1,1,0,0,1,1,0,0,1,1,0,0,0,1,0,1,1,0,0
1,1,1,1,1,1,0,0,1,1,1,0,0,1,1,0,0,1,0,1,1,1,1,0,1,1,0,0
1,0,1,1,1,0,0,1,0,1,1,0,1,1,1,0,0,1,0,0,0,0,1,0,1,0,0,0
0,0,1,1,1,0,0,1,0,0,0,1,1,0,0,1,1,0,1,1,1,1,1,0,1,1,0,0
1,1,1,1,1,0,0,0,1,0,1,1,1,1,1,1,0,1,0,1,1,1,1,0,1,0,0,0
1,0,1,1,1,0,0,1,0,0,0,0,1,1,1,1,1,1,1,0,0,0,1,0,1,0,0,0
0,0,1,1,1,0,0,1,0,0,0,1,1,0,0,1,1,0,1,1,1,1,1,0,1,1,0,0
1,0,1,1,1,1,1,0,0,1,1,0,1,0,0,1,1,0,1,0,0,0,1,0,1,0,0,0
1,0,1,1,1,1,0,1,0,1,1,0,1,0,0,1,0,0,1,1,1,1,1,0,1,1,0,0
1,1,1,1,1,1,0,0,0,1,1,0,0,0,1,0,0,1,0,0,0,0,1,0,1,1,0,0
1,0,1,1,1,1,1,1,1,1,1,0,0,1,1,1,0,1,0,1,1,1,0,1,0,0,1,0
1,0,1,1,1,0,0,0,0,1,1,1,0,1,1,1,0,1,1,1,1,1,1,0,1,0,0,0
1,1,1,1,1,1,0,0,1,1,1,1,1,0,0,1,0,0,0,1,1,1,1,0,1,1,1,0
1,0,1,1,1,0,1,0,1,0,1,1,1,0,0,1,1,0,1,1,1,1,1,0,1,1,0,0
0,0,0,0,1,0,1,1,1,0,0,0,1,1,1,1,1,1,0,1,1,1,0,0,0,0,0,0
1,1,1,0,1,1,0,0,0,1,0,0,1,1,1,1,1,1,1,1,1,1,0,1,0,0,0,0
0,0,0,0,0,1,0,0,1,1,1,0,1,0,1,1,0,1,1,1,1,1,0,1,0,1,0,0
1,1,1,1,1,0,1,0,1,0,0,0,1,1,1,1,1,1,1,0,0,0,0,1,0,0,0,0
1,0,1,1,1,0,0,1,0,1,1,0,0,1,1,1,0,1,0,1,1,1,1,0,1,1,1,0
0,0,1,1,1,0,1,0,0,0,0,0,1,0,1,1,1,1,1,0,0,0,1,0,1,0,1,0
1,0,1,1,1,1,0,0,0,0,0,0,1,1,1,1,1,1,1,1,1,1,1,0,1,1,0,0
1,1,1,1,1,0,0,0,1,1,1,0,1,0,1,1,1,1,1,1,1,0,0,1,0,0,1,0
0,0,0,0,0,0,0,0,1,0,1,1,1,1,1,1,0,1,0,1,1,1,1,1,1,1,0,0
0,0,0,0,1,0,0,0,0,0,0,0,1,0,0,1,1,0,0,1,1,1,1,0,1,0,1,0
1,1,1,1,1,1,0,0,1,1,1,1,0,0,1,1,0,1,1,1,1,1,1,1,1,1,1,0
0,0,0,0,1,1,0,0,1,1,1,1,0,1,1,0,0,1,1,0,0,0,1,0,1,0,1,0
1,1,1,1,1,1,1,1,0,0,1,1,1,1,1,0,0,1,0,0,0,0,1,1,1,1,1,0
1,0,1,1,1,1,0,0,0,1,1,0,1,0,1,1,1,1,1,1,1,1,1,1,1,1,0,0
1,0,1,1,1,1,0,1,0,0,0,0,1,1,1,1,1,1,1,0,0,0,1,1,1,1,1,0
0,0,1,1,1,1,1,1,0,0,0,0,1,1,1,1,1,1,1,0,0,0,0,1,0,1,0,0
0,0,0,0,0,0,0,0,0,1,1,0,0,1,1,1,0,1,0,1,1,1,1,0,1,1,1,0
1,1,1,1,1,0,1,1,1,0,1,1,1,0,0,1,1,0,1,1,1,1,1,0,1,0,0,0
0,0,0,0,0,0,1,0,0,1,1,1,1,0,0,1,0,0,0,1,1,1,1,1,1,1,0,0
0,0,0,0,1,0,1,0,1,1,1,1,0,0,0,1,0,0,0,1,1,1,1,0,1,0,0,0
0,0,1,1,1,1,0,0,0,0,1,1,1,1,1,1,0,1,0,1,1,1,0,1,0,1,0,0
1,0,1,1,1,1,0,0,0,0,0,0,1,1,1,1,1,1,0,1,1,0,0,1,0,0,0,0
1,1,1,1,1,1,0,0,0,1,1,0,1,0,0,1,1,1,0,0,0,0,1,0,1,1,0,0
1,1,1,1,1,1,1,0,1,1,1,0,1,1,1,0,0,1,0,0,0,0,0,1,1,1,1,0
1,0,0,0,0,0,0,0,1,1,1,0,0,1,1,0,0,1,0,0,0,0,1,1,1,0,1,0
1,1,1,0,1,1,0,0,0,1,1,0,1,0,0,1,1,0,0,1,1,1,1,0,1,0,0,0
1,0,1,1,1,1,0,0,0,0,0,0,0,1,1,0,0,1,0,1,1,0,1,0,1,1,0,0
1,0,0,0,0,0,0,0,0,1,1,0,1,0,0,1,0,0,1,1,1,1,0,0,0,1,1,0
0,0,0,0,0,1,0,1,1,1,1,1,1,0,0,1,0,0,0,1,1,1,1,0,1,0,1,0
1,1,1,1,1,0,1,1,0,1,1,0,0,1,1,0,0,1,1,0,0,0,1,0,1,0,1,0
0,0,0,0,0,1,1,1,1,0,0,0,1,1,1,1,1,1,0,0,0,0,0,0,0,0,1,0
0,0,1,1,1,1,1,1,0,1,1,0,1,0,1,0,0,1,1,0,0,0,1,0,1,0,0,0
1,0,1,1,1,0,1,1,0,1,1,0,1,0,0,1,1,0,0,1,1,1,0,0,0,0,1,0
0,0,1,0,1,0,0,0,0,0,1,1,1,1,1,1,0,1,0,1,1,0,0,0,1,0,1,0
1,0,1,1,1,1,0,0,0,0,1,1,1,0,0,1,1,0,0,1,1,0,1,1,1,0,1,0
0,0,0,0,1,1,1,0,0,1,1,0,0,1,1,0,0,1,1,0,0,0,0,0,0,0,1,0
0,0,0,0,0,0,0,1,0,1,1,0,1,0,0,1,0,1,0,0,0,0,1,1,1,1,1,0
1,1,1,1,1,1,0,0,0,1,1,0,0,1,1,1,0,1,0,1,1,1,0,1,0,0,1,1
1,0,1,1,1,1,0,0,0,0,0,0,0,1,1,0,0,1,0,0,0,0,1,0,1,1,1,0
0,0,0,0,0,1,0,1,1,0,1,1,0,1,1,1,0,1,0,0,0,0,1,0,1,0,0,0
1,0,0,0,0,0,0,0,1,1,1,1,0,1,1,1,0,1,0,1,1,1,1,1,1,1,0,0
1,1,1,1,1,0,1,1,0,0,0,1,1,0,0,0,0,1,0,1,1,1,1,0,1,1,0,0
0,0,0,0,0,1,0,0,0,1,1,0,1,0,1,0,0,1,0,1,1,1,0,0,0,1,0,0
1,1,1,1,1,1,0,1,0,1,1,0,1,0,0,1,1,0,1,0,0,0,1,0,1,1,0,0
1,0,1,1,1,0,1,0,0,0,0,0,0,1,1,0,0,1,0,1,1,0,1,1,1,1,1,0
1,0,1,0,1,0,1,0,0,0,0,0,1,1,1,1,1,1,1,0,0,0,0,1,0,0,1,0
1,1,1,1,1,1,1,0,0,1,1,0,1,0,1,1,1,1,0,1,1,0,1,0,1,1,0,0
1,0,1,1,1,1,0,1,1,0,1,1,1,1,1,1,0,1,0,1,1,1,1,0,1,0,1,0
1,1,1,1,1,0,0,0,0,0,0,0,1,1,1,1,1,1,0,0,0,0,1,0,1,1,0,0
1,1,1,0,1,1,1,0,1,1,0,0,1,1,1,0,0,1,0,1,1,1,0,1,0,0,1,0
0,0,0,0,0,1,0,0,0,1,1,1,0,0,1,1,0,1,0,1,1,1,0,1,0,0,0,0
0,0,0,0,0,0,1,0,0,0,0,0,1,1,1,1,1,1,1,0,0,0,1,0,1,1,0,0
1,1,1,1,1,1,1,0,1,1,1,1,0,0,1,1,0,1,1,0,0,0,0,1,0,1,1,0
0,0,0,0,0,1,1,0,1,0,1,1,1,1,1,1,0,1,0,1,1,1,1,1,1,1,1,0
1,0,1,1,1,1,0,0,1,1,0,0,1,1,1,0,0,1,1,0,0,0,1,0,1,1,0,0
1,1,0,0,0,0,0,0,0,0,0,0,1,0,0,1,1,0,0,0,0,0,1,1,1,0,1,0
1,1,1,1,1,1,0,0,1,1,1,1,0,0,1,0,0,1,0,1,1,1,1,0,1,0,0,0
1,0,1,1,1,1,0,1,0,0,0,0,0,1,1,0,0,1,0,1,1,0,1,0,1,1,1,0
1,0,1,1,1,0,0,0,1,1,0,0,0,1,1,0,0,1,0,1,1,0,1,1,1,1,1,0
0,0,0,0,1,0,0,1,0,0,0,0,1,0,1,1,1,1,1,0,0,0,1,0,1,0,1,0
1,0,1,1,1,1,0,1,0,1,1,0,1,0,0,1,0,0,0,1,1,1,1,1,1,1,0,0
1,1,0,0,0,1,0,0,1,1,1,1,1,0,1,1,0,1,0,1,1,1,1,1,1,1,0,0
0,0,0,0,0,0,0,0,1,1,1,1,1,0,0,1,0,0,0,1,1,1,0,1,0,1,1,0
1,1,1,0,1,1,0,0,0,0,1,1,1,1,1,1,0,0,0,1,1,0,0,0,0,0,0,0
0,0,0,0,0,0,1,0,1,1,1,1,0,1,1,1,0,1,1,0,0,0,1,0,1,1,0,0
1,0,1,0,0,1,0,0,0,0,0,0,1,0,0,1,1,0,0,1,1,1,1,0,1,1,1,0
1,1,1,1,1,0,0,0,0,1,1,0,0,0,1,1,0,1,1,0,0,0,1,1,1,0,1,0
0,0,0,0,0,0,1,1,1,1,1,0,1,1,1,1,0,1,0,1,1,1,1,0,1,0,0,0
0,0,0,0,1,0,0,1,0,0,0,0,1,1,1,1,1,1,0,1,1,1,0,1,0,1,0,0
1,1,1,1,1,1,0,0,1,1,1,0,0,1,1,1,0,1,0,1,1,1,1,1,1,1,1,0
1,0,1,1,1,0,0,0,1,1,1,1,1,1,1,1,0,1,1,1,1,1,1,0,1,1,0,0
1,1,1,1,1,0,0,0,0,1,1,0,0,1,1,0,0,1,1,0,0,0,1,1,1,0,1,1
1,0,1,1,1,1,0,1,1,0,1,1,0,1,1,1,0,1,0,0,0,0,0,1,0,1,0,0
1,0,1,1,1,1,0,0,0,0,1,1,1,0,0,1,1,0,0,1,1,0,0,1,0,0,1,0
1,0,1,1,1,0,0,1,0,1,1,1,1,0,1,1,1,1,1,0,0,0,0,0,0,1,0,1
0,0,0,0,0,1,0,1,0,1,1,0,0,1,1,0,0,1,1,0,0,0,1,0,1,0,1,0
0,0,0,0,1,0,0,0,0,0,0,0,1,1,1,1,1,1,1,0,0,0,1,1,1,1,0,0
1,1,1,1,1,0,1,0,1,1,1,1,0,1,1,1,0,1,0,0,0,0,1,0,1,0,1,0
1,0,1,1,1,1,0,1,0,1,1,0,0,1,1,0,0,1,0,1,1,1,0,1,0,0,1,0
1,1,0,0,0,1,0,1,1,0,1,1,1,0,0,1,1,0,1,0,0,0,0,1,0,0,1,0
1,0,0,0,0,1,0,1,0,1,1,0,0,0,1,1,0,1,1,0,0,0,1,0,1,1,0,0
1,0,1,1,1,0,0,0,0,1,1,0,0,0,1,1,0,1,0,0,0,0,1,1,1,1,0,0
1,0,1,1,1,1,0,1,0,1,1,0,1,1,1,1,1,1,1,0,0,0,1,1,1,1,0,0
1,1,1,1,1,1,0,0,1,0,1,1,1,0,0,1,1,0,1,1,1,1,1,0,1,1,1,0
0,0,0,0,1,1,0,0,0,0,0,0,1,1,1,1,1,1,1,1,1,0,1,0,1,0,0,0
1,1,0,0,0,0,1,0,0,1,1,1,1,0,1,1,1,1,1,0,0,0,1,0,1,0,0,0
1,0,1,0,1,1,0,1,1,0,1,1,1,1,1,1,0,0,0,1,1,1,1,0,1,1,0,1
1,0,0,0,1,1,0,1,0,0,0,0,0,1,1,0,0,1,0,0,0,0,0,1,0,0,1,0
0,0,0,0,0,1,0,0,0,1,1,0,0,0,1,1,0,1,1,1,1,1,1,1,1,1,1,1
1,1,1,0,1,0,0,0,0,1,1,0,1,0,0,1,1,0,1,1,1,1,1,1,1,1,0,0
0,0,0,0,0,0,1,0,1,1,1,0,0,1,1,0,0,1,0,1,1,1,1,0,1,1,0,0
1,0,1,1,1,1,0,0,0,1,1,0,1,0,0,1,1,1,1,1,1,1,0,1,0,0,0,1
1,0,1,1,1,0,0,1,1,1,0,0,0,0,1,1,0,1,0,0,0,0,1,0,1,0,1,0
1,1,1,1,1,1,0,1,1,1,1,0,1,1,1,0,0,1,0,0,0,0,0,0,0,0,0,0
1,1,1,1,1,0,1,0,0,1,1,0,1,1,1,0,0,1,1,0,0,0,1,0,1,1,0,0
0,0,0,0,0,1,1,1,0,1,1,0,1,0,0,1,1,0,0,0,0,0,0,1,0,1,0,0
1,0,1,1,1,0,1,0,1,0,1,1,1,0,0,1,1,0,1,1,1,1,1,1,1,1,0,0
0,0,1,1,1,1,0,0,1,0,0,0,1,0,0,1,1,0,1,0,0,0,1,1,1,0,1,1
1,1,1,1,1,1,0,0,0,0,0,0,1,1,1,1,1,1,0,0,0,0,1,0,1,0,1,0
0,0,1,1,1,1,0,0,0,0,0,0,1,1,1,0,0,1,0,0,0,0,0,1,0,0,0,1
1,0,1,1,1,0,1,1,1,0,1,1,1,0,0,1,1,0,0,1,1,0,0,1,0,1,0,1
0,0,0,0,0,1,0,0,0,1,1,0,0,0,1,1,0,1,0,1,1,1,0,1,0,0,1,1
0,0,1,1,1,1,0,0,0,1,1,0,0,1,1,1,0,1,0,0,0,0,0,1,0,0,0,1
1,1,1,1,1,0,1,1,1,1,1,0,0,0,1,1,0,1,1,1,1,1,1,0,1,0,1,1
0,0,0,0,0,0,1,1,0,1,1,1,1,0,0,1,1,0,0,1,1,1,1,1,1,1,0,0
1,0,1,1,1,0,1,0,1,1,1,1,1,0,0,1,0,0,0,1,1,1,1,0,1,0,0,0
0,0,0,0,0,0,1,0,0,1,1,0,1,0,0,1,1,0,1,1,1,1,0,1,0,1,0,1
1,1,1,1,1,0,0,1,1,1,1,0,0,1,1,1,0,1,0,1,1,1,1,0,1,1,0,1
1,0,1,1,1,1,0,1,1,1,1,1,1,0,0,1,0,0,1,1,1,1,1,0,1,1,0,1
0,0,1,1,1,0,1,0,0,1,1,0,1,0,0,1,0,0,0,1,1,1,0,1,0,0,1,1
0,0,0,0,1,1,0,1,1,1,1,0,0,0,1,0,0,1,0,1,1,1,0,1,0,1,1,1
1,1,1,1,1,1,0,1,1,1,1,1,0,0,1,1,0,1,1,0,0,0,1,1,1,1,0,1
1,1,1,0,1,0,0,0,1,1,1,0,1,0,1,1,0,1,0,1,1,0,1,0,1,1,0,1
0,0,1,1,1,0,1,0,1,1,1,1,1,0,0,1,1,0,0,0,0,0,1,0,1,0,0,1
0,0,0,0,1,0,0,0,0,1,1,0,0,0,1,1,0,1,1,1,1,1,1,1,1,1,0,1
0,0,0,0,1,0,0,1,1,0,1,1,1,1,1,1,0,1,0,1,1,1,1,0,1,0,0,1
1,1,1,1,1,0,0,1,0,1,1,1,1,0,1,1,0,1,0,1,1,0,0,0,0,1,0,0
0,0,0,0,0,0,0,0,1,1,0,0,0,1,1,0,0,1,0,1,1,0,1,1,1,1,1,0
0,0,0,0,0,0,1,0,0,1,1,0,0,0,1,1,0,1,1,1,1,1,0,1,0,0,0,0
1,0,1,0,1,0,0,0,1,1,1,0,1,0,0,1,1,1,1,0,0,0,1,0,1,0,0,0
1,1,1,1,1,0,1,0,0,1,1,0,1,0,1,1,0,1,1,1,1,0,1,0,1,0,1,0
1,1,1,1,1,1,1,1,0,1,1,0,1,0,0,1,1,1,0,0,0,0,1,0,1,1,1,0
0,0,0,0,0,1,1,0,0,0,0,0,1,1,1,1,1,1,0,1,1,1,1,1,1,1,0,0
1,1,1,1,1,1,0,1,1,1,1,0,1,0,1,1,1,1,1,1,1,1,1,0,1,0,0,0
0,0,0,0,1,1,0,0,0,0,1,0,1,0,1,1,1,0,0,0,0,0,1,1,1,0,0,0
1,0,1,1,1,0,1,1,1,1,1,1,0,0,0,1,0,0,0,1,1,1,1,0,1,0,0,1
1,0,1,1,1,0,1,0,1,1,1,0,1,1,1,1,0,1,1,1,1,0,0,1,0,1,1,0
1,0,1,0,1,0,1,0,0,0,0,0,1,1,1,1,1,1,0,0,0,0,1,0,1,1,1,0
0,0,0,0,0,1,0,0,1,1,1,1,1,0,1,1,0,1,0,1,1,1,0,1,0,0,0,0
0,0,0,0,1,1,0,1,0,1,1,1,1,0,1,1,0,1,1,1,1,0,1,1,1,1,1,0
0,0,1,1,1,1,0,0,0,1,1,0,0,1,1,0,0,1,0,1,1,1,1,0,1,0,0,0
0,0,1,1,1,1,0,1,1,1,1,1,0,0,1,1,0,1,1,0,0,0,0,0,0,0,1,0
0,0,1,1,1,1,1,1,1,1,1,1,0,1,1,0,0,1,0,1,1,0,1,0,1,1,0,0
0,0,1,1,1,0,0,0,1,1,1,1,0,1,1,1,0,1,0,0,0,0,0,1,0,1,0,0
1,0,1,1,1,0,0,0,0,0,0,0,1,1,1,1,1,1,0,0,0,0,1,0,1,1,1,0
1,0,1,1,1,0,1,0,1,1,1,1,1,1,1,1,1,1,1,0,0,0,0,1,0,1,1,0
1,0,0,0,1,0,0,1,0,0,0,0,1,1,1,1,1,1,0,1,1,1,1,1,1,0,0,0
1,0,1,1,1,0,0,0,1,0,0,0,0,1,1,0,0,1,0,0,0,0,0,0,0,0,0,0
1,1,1,1,1,1,0,0,1,1,1,1,1,0,0,1,1,0,0,0,0,0,0,1,0,1,0,0
0,0,0,0,0,1,1,0,0,0,0,0,1,1,1,1,0,1,0,0,0,0,1,1,1,0,1,0
1,0,1,1,1,0,0,0,1,1,1,1,1,0,0,1,1,0,1,0,0,0,0,1,0,0,1,0
1,1,1,1,1,0,0,1,1,1,1,1,1,0,0,1,1,0,0,0,0,0,1,1,1,0,0,1
1,0,1,1,1,0,0,1,0,0,0,0,1,1,1,0,0,1,0,1,1,1,1,1,1,1,0,0
1,1,1,1,1,0,0,0,1,1,1,1,1,0,0,1,0,0,0,1,1,1,1,0,1,1,0,0
1,1,1,1,1,0,1,1,0,0,0,0,1,1,1,1,1,1,1,0,0,0,1,1,1,1,0,1
1,0,1,1,1,1,0,0,1,1,1,1,1,0,0,1,1,0,0,0,0,0,1,1,1,0,1,0
1,1,1,1,1,0,1,0,1,0,1,1,1,0,0,1,1,0,1,1,1,1,1,0,1,1,0,0
0,0,1,0,1,0,0,0,1,1,1,1,1,1,1,1,0,1,0,1,1,1,0,1,0,0,1,0
0,0,1,1,1,0,1,0,0,1,1,0,1,0,0,1,1,0,0,0,0,0,1,1,1,0,0,0
1,0,1,0,1,0,1,1,1,1,1,0,1,0,1,1,0,1,1,1,1,0,0,1,0,0,1,0
1,0,1,1,1,0,1,0,0,1,1,0,0,1,1,0,0,1,1,0,0,0,0,1,0,0,0,0
0,0,0,0,0,0,1,1,0,1,1,0,0,1,1,0,0,1,1,0,1,0,1,1,1,0,1,1
0,0,0,0,0,0,0,1,0,0,1,1,1,1,1,1,0,1,0,1,1,0,0,0,0,0,0,0
0,0,0,0,0,0,1,0,0,1,1,0,0,1,1,1,0,1,0,1,1,1,0,1,0,0,0,0
1,1,1,1,1,0,1,1,0,0,1,1,1,1,1,1,0,1,0,1,1,0,1,0,1,1,0,0
1,0,1,1,1,1,0,0,0,1,1,0,1,0,1,1,1,1,1,1,1,1,1,1,1,0,0,1
1,1,1,1,1,0,1,0,1,1,1,1,1,0,0,1,0,0,1,1,1,1,1,1,1,0,1,0
0,0,0,0,0,1,0,0,1,1,1,1,1,0,1,0,0,1,0,1,1,1,0,1,0,1,1,0
1,1,0,0,0,1,0,0,0,1,1,1,0,0,1,1,0,1,0,1,1,1,1,0,1,1,1,1
0,0,1,1,1,1,0,1,0,0,0,0,1,1,1,1,0,1,0,0,0,0,1,1,1,1,0,0
1,1,1,1,1,1,0,0,1,1,1,0,0,1,1,0,0,1,1,0,0,0,1,1,1,0,0,0
1,1,1,1,1,0,0,1,0,0,0,1,1,0,0,1,1,0,1,1,1,1,0,0,0,0,1,0
1,1,1,1,1,1,0,1,0,1,1,1,0,1,1,1,0,1,0,1,1,0,0,1,0,1,0,0
0,0,1,1,1,0,0,0,1,0,1,1,1,0,1,0,0,1,0,1,1,1,0,0,0,1,1,0
1,1,1,1,1,1,0,0,0,1,1,0,0,1,1,0,0,1,1,1,1,0,0,1,0,1,1,0
0,0,0,0,0,1,0,1,1,1,0,0,1,1,1,0,0,1,0,1,1,1,1,1,1,0,0,1
0,0,1,1,1,0,0,1,0,0,1,1,1,1,1,1,0,1,0,1,1,0,0,1,0,1,1,1
1,0,0,0,0,0,1,1,1,1,1,0,0,1,1,0,0,1,0,0,0,0,1,0,1,0,0,1
0,0,0,0,0,0,0,0,0,0,0,0,1,1,1,1,1,0,0,0,0,0,1,0,1,0,1,1
1,0,1,1,1,0,0,1,0,1,1,0,0,1,1,0,0,1,0,0,0,0,0,0,0,0,0,1
1,1,1,0,1,1,0,0,0,1,1,1,0,1,1,1,0,1,0,1,1,0,0,0,0,0,0,1
1,0,1,1,1,1,0,1,1,0,1,1,1,0,0,1,1,0,0,1,1,1,0,0,0,1,0,1
1,0,1,1,1,1,0,0,0,1,1,1,1,0,0,1,1,0,1,0,0,0,1,1,1,1,0,1
1,1,1,1,1,0,1,0,0,0,1,1,1,0,0,1,1,0,0,1,1,0,1,0,1,1,0,1
1,1,1,1,1,1,0,0,0,0,1,1,1,1,1,1,0,1,0,1,1,1,1,0,1,0,1,1
1,1,1,1,1,0,1,1,0,0,0,0,1,1,1,1,1,1,1,1,1,1,0,1,0,0,0,1
0,0,1,1,1,1,0,1,1,1,1,1,0,0,0,1,0,0,0,0,0,0,1,0,1,0,0,1
0,0,1,0,1,1,0,0,1,1,1,0,1,0,0,1,1,0,1,1,1,0,1,0,1,1,1,1
1,1,1,1,1,1,0,0,0,1,1,0,1,1,1,0,0,1,1,0,0,0,0,1,0,0,1,1
1,0,1,1,1,1,0,0,0,0,0,0,1,1,1,1,0,1,1,1,1,1,1,0,1,0,1,1
1,1,0,0,0,0,0,0,0,0,1,1,1,1,1,1,0,1,0,1,1,0,1,1,1,0,0,1
1,1,1,0,0,1,0,0,0,0,0,0,1,1,1,1,1,1,1,0,0,0,1,0,1,0,0,1
1,0,1,1,1,0,0,0,0,0,0,0,1,1,1,1,1,1,1,1,1,1,1,0,1,0,0,0
0,0,0,0,0,1,0,0,0,1,1,0,1,0,1,1,1,1,1,1,1,1,1,0,1,1,1,0
1,1,1,1,1,0,0,1,0,1,1,0,1,0,1,1,1,1,1,0,0,0,0,1,0,1,1,0
1,1,1,1,1,0,0,1,0,1,1,0,1,0,0,1,1,0,0,1,1,1,0,1,0,0,1,0
1,1,1,1,1,0,1,1,0,0,1,1,1,0,0,1,0,0,0,1,1,1,0,0,1,0,0,1
0,0,0,0,0,1,1,0,0,1,1,0,0,1,1,0,0,1,1,0,0,0,1,1,1,1,0,0
1,1,1,0,1,1,0,1,1,1,1,0,1,0,1,0,0,1,0,1,1,1,0,1,0,1,1,0
1,1,0,1,1,0,1,0,1,1,1,1,0,1,1,1,0,1,0,1,1,0,1,1,1,1,0,1
1,1,0,0,0,0,0,0,1,1,1,0,0,0,1,1,0,1,1,0,0,0,1,0,1,1,1,0
0,0,1,1,1,0,1,0,0,0,0,0,1,0,0,1,1,0,1,1,1,1,0,1,0,0,1,0
1,1,1,1,1,0,0,0,1,1,1,0,1,0,1,1,1,1,1,1,1,1,1,0,1,1,0,1
1,0,0,0,0,0,1,1,0,1,1,0,1,1,1,1,0,1,1,1,1,0,1,0,1,1,0,0
0,0,0,0,0,1,0,1,0,1,1,1,0,0,1,1,0,1,0,0,0,0,1,0,1,0,1,1
1,0,1,1,1,1,0,0,0,1,1,0,1,0,0,1,1,0,0,0,0,0,0,0,0,1,0,0
1,1,1,1,1,0,0,0,0,1,1,0,0,1,1,0,0,1,1,0,0,0,1,0,1,0,0,0
1,0,0,0,0,1,0,1,0,1,1,1,1,0,0,1,0,1,0,1,1,0,0,0,0,1,0,0
0,0,1,1,1,1,0,1,1,1,1,1,1,0,1,1,1,1,1,0,0,0,0,1,0,0,0,1
1,0,1,1,1,1,0,0,0,1,1,0,1,0,0,1,0,1,1,0,0,0,1,1,1,1,0,0
0,0,0,0,0,0,0,0,0,1,1,0,1,0,1,1,1,1,1,0,0,0,1,0,1,1,1,0
1,0,1,1,1,1,0,0,0,0,0,0,0,1,1,0,0,1,0,0,0,0,0,0,0,0,1,0
1,0,0,0,0,1,1,0,1,1,1,0,1,1,0,1,0,1,1,1,1,0,1,0,1,1,1,0
0,0,0,0,1,0,1,1,1,1,1,0,1,1,1,1,0,1,1,1,1,0,0,1,1,1,0,0
1,1,1,0,1,1,0,1,1,0,1,1,1,0,0,1,0,0,0,1,1,1,0,0,0,1,0,1
0,0,0,0,0,0,0,1,0,1,1,1,1,0,1,1,0,1,0,1,1,1,1,0,1,1,0,0
0,0,1,1,1,1,0,0,1,1,0,0,1,1,1,0,0,1,0,1,1,1,1,0,1,1,1,0
0,0,0,0,0,1,0,0,1,1,1,1,1,0,0,1,1,0,1,0,0,0,1,1,1,0,1,0
1,0,1,1,1,0,0,0,0,1,1,0,1,0,0,1,1,1,1,0,0,0,0,1,0,1,0,1
1,1,1,1,1,0,0,1,1,1,1,1,1,0,0,1,0,0,1,1,1,0,0,0,0,0,0,0
1,1,0,0,1,0,0,1,1,1,0,0,0,1,1,0,0,1,0,1,1,0,0,1,0,1,0,0
1,0,0,0,1,1,0,1,1,1,1,1,0,0,0,1,0,0,0,0,0,0,1,0,1,1,0,0
1,0,1,1,1,1,0,0,0,1,1,0,0,1,1,1,0,1,0,1,1,1,1,1,1,0,0,0
1,0,1,0,1,1,0,0,1,1,1,1,0,1,1,1,0,1,0,0,0,0,1,1,1,0,0,1
1,1,0,0,0,1,0,1,0,0,0,0,0,1,1,0,0,1,0,1,1,1,1,0,1,0,0,1
1,0,1,1,1,1,0,1,0,0,1,1,1,1,1,1,0,1,0,1,1,0,0,0,0,1,0,1
1,1,1,1,1,0,0,1,0,1,1,0,1,0,0,1,0,1,0,1,1,1,1,0,1,1,0,1
1,1,1,1,1,0,0,1,1,0,0,0,0,1,1,0,0,1,1,1,1,1,1,1,1,0,1,1
1,1,1,1,1,0,1,0,0,1,1,0,1,0,0,1,1,0,1,1,1,1,0,0,0,0,1,1
1,1,1,1,1,0,1,0,0,0,0,1,1,0,0,1,1,0,1,1,1,1,1,0,1,0,0,0
1,1,1,1,1,1,0,0,0,1,1,0,0,1,1,0,0,1,1,0,0,1,0,1,0,1,1,0
1,0,1,0,1,1,0,0,0,0,0,0,1,1,1,1,1,1,0,1,1,1,1,0,1,0,1,0
1,0,1,1,1,0,1,1,0,0,0,1,1,0,0,1,0,0,0,1,1,1,0,1,0,0,1,1
0,0,0,0,1,1,0,0,0,0,0,0,1,0,0,1,1,0,1,0,0,0,0,0,0,1,0,0
1,0,1,1,1,1,0,1,0,1,1,0,1,1,1,0,0,1,0,1,1,1,1,1,1,0,1,1
1,1,1,1,1,0,1,1,0,0,0,0,0,1,1,0,0,1,0,1,1,1,0,1,1,0,1,1
0,0,0,0,1,1,1,1,0,0,0,0,0,1,1,0,0,1,0,1,1,0,1,0,1,1,1,1
1,0,1,0,1,1,0,1,1,1,1,1,1,1,1,0,0,1,0,0,0,0,0,1,0,0,1,0
0,0,0,0,0,1,0,1,0,0,0,0,1,1,1,1,1,1,1,0,0,0,0,1,0,1,0,0
1,0,1,1,1,0,1,1,1,1,1,1,0,1,1,0,0,1,0,1,1,1,1,0,1,1,0,1
0,0,1,1,1,0,1,0,1,1,1,1,0,1,1,1,0,1,0,1,1,1,0,1,0,1,1,1
1,1,1,1,1,1,0,0,0,1,1,0,1,0,0,1,1,0,0,1,1,1,1,0,1,0,0,1
1,0,1,1,1,1,0,0,0,1,1,0,0,1,1,1,0,1,0,1,1,1,1,1,1,1,0,0
1,0,1,0,1,1,0,0,0,1,1,1,0,0,0,1,0,0,1,0,0,0,1,1,1,1,1,0
1,1,1,1,1,1,1,1,1,0,1,1,1,0,1,1,1,1,0,0,0,0,1,0,1,1,1,0
0,0,0,0,1,1,0,0,0,0,0,0,1,1,1,1,1,1,1,0,0,0,1,1,1,1,0,1
0,0,0,0,1,1,0,1,0,0,0,0,1,0,0,1,1,0,0,0,0,0,0,1,0,0,1,0
0,0,1,1,1,0,0,0,1,0,0,0,1,1,1,0,0,1,0,1,1,1,1,1,1,0,0,0
0,0,0,0,1,1,0,1,0,1,1,0,1,0,1,1,1,1,1,0,0,0,0,0,0,0,0,0
0,0,0,0,0,0,0,0,1,0,1,1,1,1,1,1,0,1,0,1,1,1,0,1,0,1,1,0
0,0,0,0,0,0,0,0,1,1,1,1,1,0,0,1,0,0,0,1,1,1,1,0,1,0,0,0
0,0,0,0,1,1,1,0,1,0,0,0,1,1,1,1,1,1,0,0,0,0,1,0,1,0,0,0
0,0,0,0,0,0,1,0,0,0,0,0,1,1,1,1,1,1,0,1,1,0,0,0,0,1,0,0
1,1,1,1,1,1,0,1,0,1,1,0,1,0,0,1,0,1,0,0,0,0,0,1,0,1,0,0
0,0,1,1,1,1,0,0,1,0,1,1,1,0,0,1,0,0,0,1,1,1,1,0,1,0,1,0
0,0,0,0,0,0,0,1,0,1,1,1,1,0,1,1,1,1,0,0,0,0,0,1,0,1,1,0
1,1,1,1,1,1,0,1,0,1,1,0,1,0,0,1,1,0,1,0,0,0,1,1,1,0,0,1
1,0,1,1,1,0,0,1,1,1,1,1,0,0,1,1,0,1,0,0,0,0,1,0,1,0,1,1
0,0,0,0,0,1,0,0,1,0,0,0,1,1,1,1,1,1,0,0,0,0,1,0,1,1,1,0
0,0,0,0,0,1,0,0,0,0,0,0,0,1,1,0,0,1,0,0,0,0,0,0,0,1,0,1
1,1,1,1,1,1,0,0,0,1,1,0,1,1,1,1,1,1,0,0,0,0,1,0,1,1,1,0
1,1,1,1,1,0,1,0,0,1,1,1,0,1,1,0,0,1,0,1,1,1,1,0,1,0,1,1
1,0,1,1,1,1,0,1,1,1,0,0,1,1,1,0,0,1,0,1,1,1,0,0,0,0,0,0
1,0,1,0,1,1,0,0,0,1,1,0,0,1,1,1,0,1,1,1,1,1,1,0,1,0,0,1
0,0,0,0,1,0,0,1,1,1,1,1,1,0,1,1,0,1,1,1,1,1,0,0,1,1,0,1
0,0,0,0,1,1,0,1,0,1,1,0,0,1,1,0,0,1,1,0,0,0,1,0,1,1,0,1
1,0,1,1,1,0,0,0,0,1,1,0,1,0,0,1,1,0,1,0,0,0,1,0,1,1,0,0
0,0,1,1,1,1,0,0,1,0,1,1,1,0,0,1,1,0,0,1,1,1,0,1,0,1,0,0
0,0,0,0,0,0,0,1,1,1,1,1,1,0,1,0,0,1,1,0,0,0,0,1,0,0,0,1
1,0,1,1,1,0,0,1,0,0,0,0,0,1,1,0,0,1,1,1,1,1,0,1,0,0,0,0
1,1,1,1,1,1,1,1,1,1,1,1,1,0,0,1,0,0,0,1,1,1,0,0,0,0,0,1
1,1,1,1,1,1,1,0,0,0,0,0,0,1,1,0,0,1,0,1,1,0,0,0,0,0,1,1
0,0,1,1,1,1,1,1,0,1,1,0,1,0,1,1,1,1,1,0,0,0,0,0,0,0,1,1
1,1,1,1,1,1,0,1,1,0,1,1,1,1,1,1,1,1,1,0,0,0,1,1,1,1,0,1
1,0,1,1,1,0,1,1,0,0,0,0,1,0,0,1,1,0,1,1,1,1,0,0,0,0,0,0
0,0,0,0,0,0,0,0,0,1,1,0,1,0,1,1,1,1,1,0,0,0,0,1,0,1,0,1
0,0,0,0,0,1,0,0,1,1,1,1,1,0,1,1,1,0,1,0,0,0,1,0,1,1,1,1
1,1,1,1,1,0,0,1,1,1,1,0,0,1,1,0,0,1,0,1,1,1,1,0,1,1,0,1
0,0,1,1,1,0,1,1,0,0,0,0,1,0,0,1,1,0,0,0,0,0,1,0,1,0,0,1
1,0,1,0,0,0,0,0,0,1,1,0,0,1,1,0,0,1,1,1,1,1,0,1,0,1,0,0
0,0,0,0,0,0,0,1,1,1,1,0,1,0,1,1,1,0,0,0,0,0,1,0,1,1,0,0
1,1,1,1,1,1,0,0,0,1,1,0,0,0,1,0,0,1,1,0,0,0,1,0,1,0,1,1
0,0,0,0,1,0,1,0,1,0,0,0,1,1,1,1,1,1,0,1,1,1,0,1,0,0,1,0
1,1,1,1,1,0,0,0,1,1,1,0,0,0,1,1,0,1,1,1,1,1,0,0,0,1,1,1
1,0,1,1,1,0,0,1,0,0,0,0,1,0,1,0,0,1,0,1,1,1,0,0,0,0,0,0
1,1,1,0,1,0,0,1,0,1,1,1,0,0,1,1,0,1,0,1,1,1,0,1,0,1,0,0
1,0,1,0,1,1,0,1,0,0,1,1,1,1,1,1,0,1,0,1,1,0,1,0,1,0,0,1
1,0,0,0,0,1,0,0,0,0,0,0,0,1,1,1,0,1,0,0,0,0,1,0,1,0,0,0
0,0,1,1,1,0,1,1,1,1,1,1,1,0,1,1,1,1,1,0,0,0,1,1,1,0,1,1
1,0,1,1,1,0,0,1,0,1,1,0,1,0,1,1,1,1,0,1,1,1,1,1,1,0,0,1
1,1,1,1,1,0,0,0,0,0,0,0,1,1,1,1,1,1,0,1,1,1,1,0,1,1,0,1
1,1,1,1,1,1,0,0,0,1,1,0,0,0,1,1,0,1,1,0,0,0,0,1,0,0,1,1
1,1,1,1,1,1,0,0,0,1,1,0,1,1,1,1,0,1,0,1,1,1,0,1,0,0,1,0
1,0,1,1,1,1,0,0,0,1,1,0,0,1,1,0,0,1,1,1,1,1,1,0,1,1,1,0
1,1,1,1,1,0,1,1,1,1,1,0,1,0,0,1,1,0,0,1,1,1,0,0,0,1,0,0
1,0,1,0,1,0,0,1,0,0,0,0,0,1,1,0,0,1,0,0,0,0,1,0,1,0,1,1
1,1,0,0,1,1,0,0,0,1,1,0,0,1,1,0,0,1,0,1,1,1,1,1,1,0,0,1
1,0,1,1,1,0,0,0,0,1,1,0,0,1,1,1,0,1,1,0,0,0,0,1,0,0,0,0
1,1,1,1,1,1,0,0,0,0,0,0,1,1,1,1,1,1,0,0,0,0,0,0,1,0,1,0
1,1,1,1,1,0,1,1,0,0,0,0,1,0,0,1,1,0,0,0,0,0,0,0,0,1,0,0
0,0,0,0,1,0,1,1,0,0,0,0,1,0,0,1,1,0,0,0,0,0,0,0,0,0,1,0
1,1,1,1,1,0,0,1,0,1,1,0,1,0,1,1,1,1,1,0,0,0,0,1,0,1,0,0
1,1,1,1,1,0,0,1,1,1,0,0,0,1,1,0,0,1,0,1,1,0,1,0,1,1,1,0
1,0,1,1,1,1,0,0,1,1,1,0,1,0,1,1,1,1,1,0,0,0,0,1,0,1,0,0
1,1,1,1,1,1,0,1,0,0,1,1,1,1,1,0,0,1,0,0,0,0,1,0,1,1,0,1
0,0,0,0,1,1,1,0,1,1,1,1,1,0,0,1,1,0,1,0,0,0,1,0,1,1,0,1
0,0,0,0,1,0,0,1,1,0,1,1,1,1,1,1,0,1,0,1,1,1,1,0,1,0,0,0
1,0,1,1,1,1,1,1,0,1,1,0,0,1,1,0,0,1,0,0,0,0,0,0,0,1,0,0
1,0,1,1,1,0,1,0,1,1,1,1,0,0,1,1,0,1,1,0,0,0,1,0,1,0,0,1
0,0,0,0,0,1,0,1,0,0,0,0,1,1,1,1,1,1,0,0,0,0,1,0,1,1,1,1
0,0,0,0,0,1,0,0,0,1,1,0,1,0,0,1,1,0,0,0,0,0,1,0,1,1,1,0
1,1,1,1,1,0,0,0,0,1,1,0,0,1,1,1,0,1,0,1,1,1,1,0,1,0,0,1
0,0,1,1,1,0,0,0,0,0,0,0,1,1,1,1,1,1,0,0,0,0,0,1,0,1,0,1
0,0,0,0,0,1,0,1,0,1,1,0,1,0,1,1,1,1,0,1,1,1,1,0,1,0,0,0
1,0,1,1,1,1,0,0,0,0,1,1,1,0,0,1,1,0,0,1,1,0,0,1,0,1,1,0
1,0,1,0,1,1,0,0,1,0,1,1,1,1,1,1,0,1,1,1,1,1,0,0,0,0,0,1
1,1,1,1,1,1,1,1,0,1,1,0,1,1,1,0,0,1,0,0,0,0,1,0,1,1,1,1
1,0,1,1,1,1,0,0,0,1,1,1,0,1,1,0,0,1,0,1,1,1,0,0,0,1,1,1
1,0,1,1,1,1,0,1,0,1,1,1,0,1,1,0,0,1,0,1,1,1,0,1,0,0,1,1
1,0,1,0,0,0,0,1,0,1,1,0,0,0,1,0,0,1,1,0,0,0,1,1,1,0,1,0
0,0,0,0,0,0,1,1,1,1,1,1,0,0,1,1,0,1,0,1,1,1,0,1,0,1,0,1
0,0,1,1,1,0,0,0,0,1,1,0,0,1,1,0,0,1,1,1,1,1,1,0,1,0,0,1
1,1,1,1,1,1,0,0,0,1,1,0,0,0,1,1,0,1,0,1,1,1,0,0,0,1,0,1
0,0,0,0,0,0,1,1,1,1,1,0,1,1,1,0,0,1,0,0,0,0,1,0,1,0,1,1
1,1,1,1,1,1,0,1,0,1,1,1,1,0,1,0,0,1,0,1,1,0,1,0,1,1,1,0
1,1,1,1,1,1,0,0,0,0,0,0,1,1,1,0,0,1,0,1,1,1,1,0,1,1,0,0
1,1,1,0,1,0,0,0,1,1,1,1,1,0,0,1,0,0,0,1,1,1,1,1,1,1,1,1
1,1,1,0,1,1,0,0,1,0,0,0,0,1,1,1,1,1,1,1,1,1,1,0,1,0,1,0
0,0,1,1,1,0,1,0,0,1,1,1,0,0,1,1,0,1,0,1,1,1,0,0,0,1,0,0
1,0,1,1,1,0,0,0,0,0,0,0,1,1,1,1,1,1,0,1,1,1,1,0,1,1,0,0
0,0,0,0,1,0,0,0,0,1,1,0,0,0,1,0,0,1,1,0,0,0,1,0,1,0,1,1
1,0,1,1,1,1,0,1,0,1,1,0,0,0,1,1,0,1,1,0,0,0,1,0,1,1,1,0
1,1,1,1,1,0,1,0,1,1,1,0,1,0,0,1,1,0,1,0,0,0,1,0,1,1,0,1
1,1,1,1,1,0,0,1,0,1,1,0,0,1,1,0,0,1,1,1,1,0,0,0,0,0,1,1
1,1,1,1,1,0,0,1,1,0,0,0,0,1,1,0,0,1,0,0,0,0,1,0,1,0,0,1
1,1,1,0,1,0,0,0,0,0,0,0,1,1,1,0,0,1,0,0,0,0,0,1,0,1,0,0
0,0,0,0,1,1,1,1,0,1,1,1,1,0,1,1,0,1,0,1,1,1,1,0,1,1,1,0
1,1,1,1,1,1,0,1,1,1,1,1,0,0,0,1,0,0,0,1,1,1,1,0,1,0,1,0
1,1,1,1,1,0,0,1,0,1,1,0,1,1,1,1,1,1,0,1,1,1,0,0,0,0,1,0
1,1,1,1,1,1,0,1,0,0,1,1,1,0,0,1,1,0,0,1,1,0,1,0,1,0,0,0
1,0,1,1,1,1,0,0,1,1,1,0,1,0,1,1,1,1,1,1,1,1,1,1,1,0,1,1
0,0,0,0,1,1,0,1,0,1,1,0,1,0,1,1,1,1,1,0,0,0,1,1,1,1,1,0
0,0,0,0,0,1,0,0,0,1,1,1,1,0,0,1,0,1,0,1,1,0,0,1,0,1,0,1
0,0,0,0,0,0,0,0,0,1,1,1,0,0,1,1,0,1,0,1,1,1,1,0,1,0,1,0
1,1,1,1,1,1,1,0,1,1,1,1,1,0,0,1,0,0,0,1,1,0,0,0,0,0,0,0
1,0,1,0,1,1,0,1,0,0,0,0,1,1,1,1,1,1,0,0,0,0,1,0,1,1,1,0
0,0,1,1,1,0,0,0,0,1,1,0,0,1,1,0,0,1,0,1,1,0,1,0,1,0,0,1
0,0,1,1,1,0,0,0,0,1,1,1,0,1,1,0,0,1,0,0,0,0,0,1,0,0,1,1
1,0,1,0,1,1,0,1,0,0,0,0,0,0,1,1,1,1,1,1,1,1,1,0,1,0,1,1
0,0,0,0,1,1,0,0,1,1,1,0,0,1,1,1,0,1,0,1,1,1,1,0,1,0,1,0
1,1,1,1,1,1,0,0,0,0,0,0,1,0,0,1,1,0,1,1,1,1,1,0,1,1,0,1
0,0,1,1,1,0,1,0,0,0,1,1,1,0,0,1,1,0,0,1,1,1,0,0,1,0,1,0
1,1,1,1,1,1,0,1,1,1,1,1,1,0,0,1,0,0,0,1,1,1,0,1,0,1,1,0
1,1,0,0,1,1,0,1,1,0,1,1,1,0,0,1,1,1,0,1,1,0,0,1,0,1,0,0
0,0,0,0,0,0,1,0,0,1,1,0,0,1,1,0,0,1,0,1,1,1,1,1,1,1,1,0
0,0,0,0,1,1,1,0,1,1,1,1,1,0,0,1,0,1,0,1,1,1,1,0,1,0,0,0
0,0,0,0,0,1,0,1,0,1,1,0,0,1,1,0,0,1,1,0,0,0,1,0,1,0,0,1
0,0,0,0,0,1,0,1,1,1,1,1,0,0,0,1,0,0,0,1,1,1,0,0,0,0,0,0
1,1,1,1,1,0,0,1,0,1,1,0,1,1,1,0,0,1,0,0,0,0,1,1,1,1,1,0
0,0,0,0,1,1,0,1,1,1,0,0,1,1,1,0,0,1,0,1,1,1,0,1,0,0,1,1
1,1,1,0,0,1,0,0,0,1,1,0,0,1,1,1,0,1,1,0,0,0,0,1,0,0,1,1
1,0,1,1,1,0,0,1,1,0,0,0,1,1,1,1,1,1,0,0,0,0,0,1,0,1,1,1
0,0,0,0,0,1,1,0,1,0,0,1,1,1,1,1,0,1,0,1,1,1,1,0,1,0,0,1
1,0,1,1,1,0,0,0,0,1,1,0,0,1,1,1,0,1,0,1,1,1,1,0,1,0,1,0
1,0,0,0,0,1,0,1,0,0,0,0,0,1,1,0,0,1,1,0,0,0,1,0,1,1,1,0
0,0,1,1,1,1,0,1,0,0,0,0,1,1,1,1,1,1,0,0,0,0,0,1,1,1,0,0
0,0,1,1,1,0,1,0,0,1,1,0,0,0,1,0,0,1,1,1,1,1,1,0,1,0,0,0
1,1,1,1,1,1,0,0,0,0,1,1,1,0,0,1,1,0,0,1,1,0,1,0,1,1,1,0
0,0,0,0,0,1,0,0,1,0,0,0,1,1,1,1,1,1,0,0,0,0,0,0,0,0,0,0
0,0,0,0,0,0,0,1,0,1,1,0,1,0,0,1,1,1,0,1,1,1,1,0,1,0,1,1
1,1,0,0,0,0,0,0,1,1,1,1,0,1,1,0,0,1,1,0,0,0,0,1,0,1,0,0
1,0,1,1,1,1,0,0,1,1,1,0,0,0,1,1,0,1,0,1,1,1,1,1,1,0,0,1
0,0,1,1,1,1,0,0,0,1,1,0,0,1,1,0,0,1,1,0,0,0,0,0,0,0,0,0
0,0,1,1,1,0,0,0,0,1,1,0,1,0,1,1,1,1,0,0,0,0,1,0,1,0,1,0
0,0,1,1,1,0,1,1,0,1,1,0,0,1,1,0,0,1,1,1,1,1,0,1,0,0,0,1
0,0,0,0,0,0,0,1,1,1,1,1,1,0,0,1,0,0,0,1,1,1,1,0,1,0,1,0
1,1,1,1,1,1,0,0,1,1,1,1,1,0,0,1,0,1,0,1,1,0,1,0,1,1,0,0
0,0,0,0,0,0,0,1,0,0,0,0,0,1,1,0,0,1,1,0,0,0,0,1,0,1,0,1
0,0,0,0,0,1,0,1,1,1,1,0,1,0,1,0,0,1,0,1,1,1,1,1,1,0,1,1
0,0,1,0,1,1,0,0,0,0,0,1,1,1,1,1,0,1,0,1,1,0,1,1,1,0,1,0
1,0,1,1,1,1,0,0,0,0,0,0,1,1,1,0,0,1,0,1,1,1,1,0,1,0,1,0
0,0,0,0,0,1,0,1,0,0,0,0,0,1,1,0,0,1,0,0,0,0,1,0,1,0,0,0
0,0,0,0,1,1,0,0,0,1,1,0,1,0,0,1,1,0,1,1,1,0,1,0,1,1,0,0
0,0,1,1,1,1,1,0,0,0,1,1,1,0,0,1,0,0,0,1,1,0,0,1,0,1,1,0
1,0,1,0,1,1,0,0,0,0,0,0,1,0,0,1,1,0,1,0,0,0,1,1,1,1,0,0
1,1,1,1,1,0,1,1,0,1,1,0,1,1,1,0,0,1,0,1,1,0,0,0,0,1,1,1
1,0,1,1,1,1,1,1,0,1,1,1,0,0,1,0,0,1,1,0,0,0,0,1,0,1,0,0
0,0,0,0,0,0,0,0,0,1,1,1,1,0,1,0,0,1,1,1,1,1,1,0,1,1,0,0
1,1,1,1,1,0,1,0,1,1,1,1,0,0,0,1,0,0,0,0,0,0,0,1,0,0,1,1
1,1,1,1,1,0,1,0,0,1,1,1,1,0,0,1,0,1,0,1,1,1,0,1,0,0,1,0
1,1,1,1,1,0,1,0,0,0,0,1,1,0,0,1,1,0,0,1,1,1,1,0,1,1,0,1
0,0,0,0,1,1,1,1,0,0,0,0,1,1,1,1,1,1,1,0,0,0,1,0,1,1,0,1
1,0,1,1,1,1,0,1,1,0,1,1,1,0,0,1,1,0,1,1,1,1,0,1,0,0,1,1
0,0,0,0,1,0,0,1,1,1,1,0,0,1,1,0,0,1,0,1,1,1,0,1,0,0,0,0
0,0,0,0,0,0,0,0,1,0,1,1,1,0,0,1,1,0,0,1,1,1,0,0,0,1,1,1
0,0,0,0,0,0,0,1,0,0,0,0,0,1,1,0,0,1,0,1,1,1,1,1,1,0,1,1
1,1,1,1,1,1,0,1,1,1,1,1,1,0,0,1,1,0,0,0,0,0,0,0,1,1,0,0
1,0,0,0,1,1,0,1,1,1,1,0,1,0,1,1,0,1,1,1,1,0,1,0,1,0,0,0
1,0,1,1,1,1,0,1,1,1,1,1,1,0,1,1,0,1,1,1,1,1,0,1,0,0,0,0
1,0,1,1,1,0,1,0,1,1,1,0,0,1,1,1,0,1,1,0,0,0,0,1,0,1,1,0
1,0,1,1,1,1,0,1,1,1,1,0,0,0,1,0,0,1,1,1,1,1,1,0,1,1,0,0
0,0,0,0,0,0,0,1,0,1,1,0,1,0,1,1,1,1,1,0,0,0,1,1,1,0,1,0
1,1,1,1,1,1,0,1,0,0,0,0,0,1,1,0,0,1,0,1,1,1,1,0,1,0,1,0
0,0,0,0,1,1,0,0,0,1,1,0,1,1,1,1,0,1,0,1,1,1,0,1,0,1,1,1
1,0,1,1,1,1,0,1,0,1,1,0,0,1,1,0,0,1,0,1,1,1,0,1,0,0,1,1
1,1,1,1,1,0,0,0,0,0,0,0,1,0,0,1,1,0,0,1,1,1,1,0,1,1,1,1
0,0,0,0,0,1,1,0,1,0,1,1,1,1,1,1,0,1,0,1,1,1,1,0,1,1,0,0
1,0,1,1,1,1,0,0,1,0,1,1,1,1,1,1,0,1,0,1,1,1,1,0,1,1,0,0
0,0,1,1,1,0,0,1,1,1,1,1,0,1,1,1,0,1,1,0,0,0,0,1,0,0,0,0
0,0,1,1,1,1,0,0,0,1,1,0,1,0,0,1,1,0,1,1,1,1,0,1,0,0,1,0
1,0,1,1,1,1,0,0,0,0,0,0,1,1,1,0,0,1,0,1,1,1,0,0,0,1,1,1
0,0,0,0,1,1,0,1,0,0,0,0,1,1,1,1,0,1,0,1,1,1,0,1,0,1,0,1
0,0,1,1,1,1,0,0,1,1,1,1,0,0,1,1,0,1,1,0,0,0,1,0,1,0,1,0
1,1,1,1,1,1,1,0,0,1,1,0,0,0,1,1,0,0,0,1,1,1,0,0,0,0,1,0
1,0,1,1,1,1,0,0,0,0,0,0,1,1,1,0,0,1,0,1,1,1,1,0,1,1,1,1
0,0,0,0,0,1,0,1,0,1,1,0,1,0,1,1,1,1,1,0,0,0,0,1,0,1,0,0
1,0,1,1,1,1,0,0,0,0,0,0,1,0,0,1,1,0,0,0,0,0,1,0,1,0,1,0
0,0,0,0,1,1,0,1,0,1,1,1,1,0,0,1,1,0,0,1,1,1,1,0,1,0,1,1
1,0,1,1,1,1,0,0,0,1,1,0,0,1,1,1,0,1,0,1,1,1,0,1,0,1,0,0
1,1,1,1,1,0,1,0,1,1,1,1,0,1,1,1,0,1,0,0,1,0,0,1,0,0,0,0
1,1,1,1,1,1,1,0,0,1,1,0,1,0,0,1,1,1,1,0,0,0,1,0,1,0,1,0
1,1,1,1,1,1,0,1,0,0,1,1,1,1,1,1,0,1,0,1,1,0,0,0,0,0,1,0
1,0,0,0,0,1,0,0,1,0,1,1,1,1,1,1,0,1,0,1,1,1,0,1,0,0,1,0
1,1,1,0,1,1,0,0,0,1,1,0,1,0,1,1,1,1,1,0,0,0,1,1,1,0,0,0
1,1,1,0,1,1,1,1,0,1,1,0,1,0,1,1,1,1,1,0,0,0,1,1,1,0,1,0
1,1,1,1,1,0,1,1,0,1,1,1,1,0,1,1,0,1,1,1,1,0,1,1,1,0,1,0
0,0,0,0,0,0,1,0,0,0,0,0,1,0,0,1,1,0,1,0,0,0,0,0,0,1,1,1
1,0,1,1,1,1,1,0,1,1,1,1,0,0,0,1,0,0,0,1,1,1,1,0,1,0,0,0
0,0,1,1,1,1,1,0,1,1,1,0,0,1,1,1,0,1,0,1,1,1,0,1,0,1,1,0
1,0,1,1,1,1,0,1,0,1,1,0,0,1,1,0,0,1,0,1,1,1,0,1,0,0,1,1
0,0,0,0,0,0,0,0,0,1,1,1,0,1,1,1,0,1,0,1,1,0,1,0,1,0,0,0
1,1,0,0,0,0,0,0,1,0,0,0,0,1,1,0,0,1,0,0,0,0,1,0,1,1,1,0
0,0,0,0,1,1,0,1,1,1,1,1,1,0,0,1,1,0,1,0,0,0,1,0,1,0,0,1
0,0,0,0,0,0,1,0,0,1,1,0,1,0,0,0,0,1,1,0,0,0,1,0,1,0,0,0
0,0,0,0,0,0,0,0,1,1,1,0,1,0,1,1,0,1,0,1,1,1,1,0,1,1,1,0
1,1,1,0,1,1,0,1,1,1,1,1,1,0,0,1,0,0,0,1,1,0,0,0,0,0,0,0
0,0,0,0,0,0,0,1,1,0,1,1,1,1,1,1,0,1,0,1,1,0,0,0,0,1,1,0
1,1,1,1,1,0,0,0,0,0,0,1,1,0,0,0,0,1,0,1,1,1,1,1,1,1,0,0
1,1,1,0,1,1,0,1,0,0,0,0,1,1,1,0,0,1,0,1,1,1,1,0,1,0,0,0
0,0,0,0,0,1,0,0,0,1,1,0,1,0,1,0,0,1,0,0,0,0,0,0,0,0,0,0
1,0,1,1,1,1,0,1,0,1,0,0,1,1,1,1,1,1,1,0,0,0,1,0,1,1,1,1
1,1,1,1,1,1,0,0,0,1,1,0,1,0,1,1,1,1,1,0,0,0,0,1,0,1,0,0
1,1,1,1,1,1,0,0,0,1,1,1,0,0,1,1,0,1,0,1,1,1,0,1,0,0,0,0
1,0,1,0,1,1,0,0,0,1,1,0,1,0,0,1,1,0,1,0,0,0,0,1,1,0,0,0
0,0,0,0,1,1,1,0,1,1,1,1,1,0,0,1,1,0,0,1,1,1,1,1,1,0,0,0
1,1,1,1,1,1,0,1,0,0,0,0,1,0,0,1,1,0,1,1,1,1,1,1,1,1,1,0
0,0,1,1,1,0,0,1,1,1,1,1,0,0,1,1,0,1,0,1,1,1,1,1,1,0,1,0
1,0,1,1,1,1,0,0,0,0,0,0,1,1,1,1,1,1,1,1,1,1,0,1,0,1,1,0
0,0,0,0,0,1,1,1,0,1,1,0,1,0,0,1,0,0,0,1,1,1,0,1,0,0,1,0
1,1,1,1,1,0,1,0,0,0,0,0,1,1,1,1,1,1,0,1,1,1,1,0,1,1,0,0
0,0,0,0,1,1,1,0,1,0,1,1,0,1,1,1,0,1,0,0,0,0,0,1,0,1,1,1
1,0,1,1,1,0,1,1,1,0,0,0,1,1,1,1,1,1,1,0,0,0,0,1,0,1,1,0
1,0,1,1,1,1,0,0,0,1,1,0,1,0,0,1,1,1,0,0,0,0,0,1,0,0,1,1
1,0,1,1,1,1,0,1,0,0,0,0,1,1,1,1,1,1,0,0,0,0,1,1,1,0,1,0
1,0,1,1,1,1,0,1,0,1,1,0,0,1,1,0,0,1,1,0,0,0,1,0,1,0,1,1
1,1,0,0,0,1,0,0,0,0,0,0,0,1,1,0,0,1,0,1,1,0,1,0,1,0,1,0
0,0,0,0,1,1,0,1,0,0,0,0,1,1,1,1,1,1,1,1,1,1,0,1,0,0,1,0
1,1,1,1,1,0,0,1,0,1,1,0,0,1,1,1,0,0,1,1,1,0,0,0,0,1,1,1
0,0,0,0,1,1,0,0,0,1,1,0,1,0,0,1,1,0,1,1,1,1,1,1,1,1,0,1
0,0,1,1,1,0,1,1,0,0,0,0,1,1,1,1,1,1,1,0,0,0,1,1,1,1,1,1
1,1,1,1,1,0,0,1,0,0,0,0,1,1,1,1,1,1,1,0,0,0,0,0,0,0,0,0
1,0,1,1,1,0,1,1,0,1,1,0,1,0,1,1,1,1,1,0,0,0,0,1,0,0,1,1
1,1,1,1,1,1,0,0,0,1,1,0,1,0,1,1,1,1,1,0,0,0,0,1,0,1,0,0
0,0,1,0,1,0,1,0,0,1,1,0,0,1,1,0,0,1,1,1,1,1,1,0,1,1,0,1
0,0,0,0,1,1,1,0,0,0,0,0,1,1,1,1,1,1,1,1,1,1,0,1,0,0,1,0
0,0,1,1,1,0,1,0,0,0,0,0,0,1,1,0,0,1,0,1,1,1,0,1,0,1,0,0
1,1,1,1,1,1,1,1,1,1,1,0,0,0,1,1,0,1,1,0,0,0,1,0,1,0,0,1
1,1,1,1,1,0,0,0,0,1,1,0,1,0,1,1,1,1,1,1,1,1,1,0,1,0,1,1
1,1,1,1,1,1,0,1,1,1,1,1,0,0,0,1,0,0,0,1,1,1,1,1,1,1,1,1
1,0,1,1,1,1,0,1,1,0,0,0,0,1,1,0,0,1,0,1,1,1,0,1,0,0,1,1
1,0,1,1,1,1,0,0,0,1,1,1,1,0,0,1,0,0,0,1,1,0,1,0,1,0,0,0
1,1,1,1,1,0,0,0,0,0,0,0,1,1,1,1,1,1,0,0,0,0,0,1,0,1,0,1
1,1,1,1,1,1,0,1,0,0,0,0,0,1,1,1,0,1,1,0,0,0,1,0,1,1,0,0
1,1,1,0,1,0,0,0,1,0,1,1,1,0,0,1,0,1,0,1,1,1,0,1,1,1,1,0
0,0,0,0,1,0,0,0,1,1,1,1,0,1,1,1,0,1,0,1,1,0,0,1,0,0,1,0
1,1,1,1,1,1,0,0,0,0,0,0,1,0,1,1,1,1,0,1,1,1,1,1,1,0,0,0
1,0,1,1,1,0,1,1,0,1,1,0,1,1,1,1,1,1,1,1,1,0,0,1,0,1,1,0
1,0,1,1,1,1,1,1,1,1,0,0,1,1,1,0,0,1,0,1,1,1,1,1,1,1,1,1
1,0,1,1,1,1,0,1,0,0,0,0,1,0,1,0,0,1,0,0,0,0,1,0,1,0,1,1
1,1,1,1,1,1,1,0,0,1,1,0,0,0,1,1,0,1,0,0,0,0,0,0,0,1,0,0
1,0,1,1,1,0,0,1,1,1,1,1,1,0,0,1,0,0,0,1,1,1,1,1,1,0,0,0
1,1,1,1,1,1,0,1,0,0,0,1,0,1,1,1,0,1,0,1,1,1,1,1,1,0,0,0
1,0,1,1,1,1,0,0,0,1,1,0,0,0,0,1,1,0,1,1,1,1,0,1,0,1,0,1
0,0,1,1,1,0,1,1,0,1,1,0,1,0,1,1,1,1,1,1,1,1,1,0,1,0,1,0
0,0,0,0,0,0,0,0,0,0,1,1,1,0,1,1,0,1,0,1,1,0,1,1,1,0,0,0
0,0,0,0,1,0,1,0,0,0,1,1,1,1,1,1,0,1,0,1,1,1,0,1,0,1,0,0
1,1,1,1,1,1,1,0,1,0,1,1,1,1,1,1,1,1,1,1,1,1,1,1,1,1,0,1
1,1,1,1,1,1,0,0,0,0,0,0,1,0,0,1,1,1,1,0,0,0,1,1,1,0,1,0
1,0,0,0,0,1,0,0,0,1,1,0,1,0,0,1,0,1,0,0,0,0,0,1,0,0,0,1
1,1,1,1,1,0,0,0,0,0,0,0,1,1,1,1,1,1,1,1,1,1,0,1,0,0,1,0
1,0,1,0,1,1,0,1,1,0,1,1,1,1,1,1,1,1,1,0,0,0,0,1,0,1,1,0
0,0,0,0,0,0,1,0,1,1,1,0,0,1,1,0,0,1,1,1,1,0,1,0,1,1,1,0
1,1,1,1,1,0,1,0,1,1,1,1,0,0,1,0,0,1,1,1,1,1,0,1,0,1,0,0
1,0,1,1,1,1,0,0,0,0,1,1,1,0,0,1,1,1,0,0,0,0,1,0,1,1,1,0
1,1,1,0,0,1,0,1,1,1,1,1,1,1,1,1,1,1,1,1,1,0,1,0,1,0,1,1
1,0,1,1,1,1,0,0,1,1,1,1,1,0,0,1,1,0,1,0,0,0,0,1,0,1,0,0
1,1,1,1,1,1,0,0,0,0,0,0,1,0,1,1,1,1,0,1,1,1,1,1,1,0,0,1
1,1,1,1,1,1,1,0,1,1,1,0,1,0,0,1,1,0,0,0,0,0,0,1,0,1,0,0
0,0,1,1,1,0,1,1,0,1,1,1,1,0,0,1,1,0,1,1,1,1,1,1,1,1,0,0
0,0,0,0,0,1,0,0,1,1,0,0,1,0,0,1,1,0,1,1,1,1,0,0,0,0,0,0
0,0,0,0,1,1,0,1,1,1,1,0,0,1,1,0,0,1,0,1,1,1,1,1,1,1,1,0
1,0,1,1,1,0,0,0,1,0,0,0,1,1,1,1,1,1,1,0,0,0,0,1,0,0,1,0
0,0,0,0,0,0,1,0,0,0,0,0,1,0,0,1,1,0,0,1,1,1,1,1,1,0,1,0
1,1,1,1,1,1,0,1,0,0,0,1,1,0,0,1,0,0,1,0,0,0,1,0,1,1,0,0
1,1,1,1,1,1,0,0,1,1,1,1,1,0,1,1,1,1,0,1,1,1,1,0,1,0,0,1
0,0,0,0,0,0,1,1,1,1,1,0,0,1,1,0,0,1,0,1,1,0,1,0,1,1,0,1
0,0,1,1,1,0,1,1,0,0,0,0,1,0,0,1,1,0,1,1,1,1,1,0,1,1,0,0
1,1,1,1,1,1,0,1,1,0,1,1,1,1,1,1,0,1,0,1,1,1,0,0,0,0,1,0
0,0,0,0,0,0,1,1,1,1,1,0,1,0,1,0,0,1,0,1,1,1,1,1,1,0,0,1
1,0,0,0,0,1,0,1,0,1,1,0,0,1,1,0,0,1,0,0,0,0,1,0,1,0,1,0
0,0,0,0,1,1,1,0,0,1,1,1,0,0,1,0,0,1,0,1,1,1,1,1,1,1,0,1
1,0,1,1,1,1,0,1,1,1,1,1,0,1,1,1,0,1,0,0,1,0,1,0,1,0,1,1
1,0,1,1,1,1,0,0,0,1,1,0,0,0,1,0,0,1,1,0,0,0,1,0,1,0,0,0
1,0,1,1,1,1,0,1,0,1,1,0,1,0,1,0,0,1,0,1,1,1,1,0,1,0,1,1
1,0,1,1,1,0,0,1,0,0,0,0,0,1,1,0,0,1,0,0,0,0,0,0,0,0,1,1
1,0,1,1,1,1,0,1,0,1,1,0,1,0,0,1,0,1,0,1,1,0,1,0,1,1,0,0
0,0,1,1,1,0,0,1,0,0,0,0,1,1,1,1,1,1,0,0,0,0,1,1,1,1,1,0
1,0,0,0,0,0,0,0,0,0,0,0,1,0,0,1,1,0,1,0,0,0,1,0,1,1,1,1
1,0,1,1,1,1,0,0,1,0,1,1,1,1,1,1,1,1,0,0,0,0,0,1,0,0,1,0
1,1,1,1,1,0,1,1,1,0,0,0,1,1,1,1,1,1,1,0,0,0,1,1,1,0,1,1
0,0,0,0,1,1,1,0,1,0,1,1,0,1,1,1,0,1,0,1,1,1,0,0,0,1,1,1
0,0,0,0,0,1,0,0,0,1,1,0,0,1,1,1,0,1,1,1,1,1,0,0,0,0,1,0
1,0,1,1,1,1,0,1,1,1,1,0,0,1,1,1,0,1,0,0,0,0,1,0,1,0,1,1
1,0,1,1,1,1,0,1,1,0,1,1,1,1,1,1,0,1,0,1,1,1,1,0,1,1,1,1
0,0,1,1,1,1,1,0,0,0,0,0,1,0,1,0,0,1,0,0,0,0,1,1,1,1,0,0
0,0,1,1,1,1,0,0,0,0,1,1,1,1,1,1,0,0,0,1,1,0,1,0,1,1,1,1
0,0,0,0,0,0,0,0,1,0,1,1,1,1,1,1,0,1,0,1,1,1,1,0,1,0,1,1
0,0,1,1,1,0,0,1,0,0,0,0,1,0,0,1,1,0,0,0,0,0,0,1,0,1,1,1
1,0,0,0,0,1,0,1,1,1,1,1,1,0,0,1,1,0,0,0,0,0,1,0,1,1,0,1
1,1,1,0,1,0,1,1,0,1,1,0,1,0,1,1,1,1,0,1,1,1,1,1,1,1,1,1
0,0,1,1,1,0,1,0,0,1,1,1,1,0,0,1,0,1,1,1,1,1,1,1,1,0,1,0
0,0,0,0,0,1,0,0,1,0,0,0,0,1,1,0,0,1,0,0,0,0,0,1,0,1,0,0
1,0,1,1,1,1,1,1,1,0,0,0,1,1,1,1,0,1,0,1,1,0,0,0,0,0,1,0
0,0,0,0,0,1,0,0,0,0,1,1,1,1,1,1,0,1,0,1,1,1,0,1,0,1,1,0
1,1,1,1,1,1,0,0,0,0,0,0,0,1,1,0,0,1,0,0,0,0,1,0,1,0,1,0
0,0,1,1,1,0,0,0,0,1,1,0,0,1,1,0,0,1,1,0,0,0,1,0,1,1,0,0
0,0,0,0,0,0,0,0,1,1,1,0,1,0,0,1,1,1,1,0,0,0,1,0,1,1,0,0
0,0,0,0,1,1,0,0,1,1,1,0,0,1,1,0,0,1,0,1,1,1,1,1,1,0,1,1
1,1,1,1,1,0,1,0,1,1,1,1,0,0,1,1,0,1,1,0,0,0,0,1,0,1,0,0
1,0,1,1,1,0,0,1,1,0,1,1,1,0,0,1,1,0,1,1,1,1,1,0,1,0,0,0
1,0,1,1,1,0,1,0,0,0,0,0,0,1,1,1,0,1,0,0,0,0,0,1,0,0,0,0
1,0,0,0,0,1,0,1,0,1,1,0,0,1,1,1,0,1,0,0,0,0,1,0,1,1,0,0
1,1,1,1,1,1,0,1,0,1,1,0,1,0,0,1,0,1,0,1,1,1,1,0,1,1,0,0
0,0,1,1,1,0,0,0,1,0,1,1,1,1,1,1,0,1,0,1,1,1,0,1,0,1,1,0
1,0,1,1,1,1,1,0,1,1,1,1,0,1,1,1,0,1,0,0,0,0,1,1,1,1,1,0
1,1,1,0,1,1,0,0,0,0,1,1,1,1,1,1,0,1,0,1,1,0,0,0,0,1,0,0
1,1,0,0,0,0,0,1,1,1,1,1,1,1,1,1,0,1,0,1,1,1,1,0,1,0,1,0
1,0,0,0,1,0,0,1,1,1,1,1,1,0,0,1,0,0,0,1,1,1,1,0,1,1,0,0
1,1,1,0,0,0,1,1,0,1,1,0,0,1,1,1,0,0,0,0,0,0,1,0,1,0,1,1
1,1,0,0,0,0,0,0,0,0,1,1,1,0,0,1,1,0,0,1,1,0,0,0,0,1,0,0
0,0,1,1,1,1,1,1,1,1,1,1,1,0,1,1,0,1,0,1,1,1,1,1,1,1,0,0
1,0,1,1,1,1,0,0,1,1,1,1,0,0,1,1,0,1,1,0,0,0,0,0,0,0,1,0
0,0,0,0,0,0,0,0,0,0,1,1,1,0,0,1,1,0,0,1,1,0,0,1,0,0,0,0
0,0,0,0,0,1,0,0,1,1,1,0,0,1,1,0,0,1,1,1,1,1,1,0,1,0,1,0
1,0,1,1,1,1,0,1,1,1,1,1,1,0,0,1,1,0,1,0,1,0,1,0,1,0,0,0
1,1,1,1,1,1,0,0,1,1,1,1,0,1,1,1,0,1,1,0,0,0,1,0,1,0,1,0
1,1,1,0,0,0,1,1,1,1,1,0,1,0,1,1,1,1,0,0,0,0,0,0,0,1,0,0
1,1,1,1,1,1,0,0,0,0,1,1,1,0,0,1,1,0,0,1,1,1,0,0,0,0,0,1
1,0,1,1,1,0,0,0,0,1,1,0,0,1,1,1,0,1,0,0,0,0,0,1,0,0,0,1
0,0,1,1,1,1,0,1,0,1,1,0,0,1,1,0,0,1,1,1,1,0,1,0,1,1,0,1
1,1,0,0,0,1,0,0,1,1,1,0,1,0,1,1,0,1,1,1,1,0,0,1,0,1,1,0
0,0,0,0,1,0,1,1,0,0,0,0,1,1,1,1,1,1,1,0,0,0,1,0,1,1,0,0
1,1,1,1,1,1,0,1,0,1,1,0,0,1,1,1,0,1,0,1,1,0,0,1,0,0,1,1
1,1,1,1,1,1,0,1,0,1,1,0,0,1,1,1,0,1,0,1,1,0,0,1,0,0,1,0
0,0,0,0,0,1,0,1,0,0,0,0,1,0,0,1,1,0,1,0,0,0,1,1,1,1,1,0
1,1,1,0,1,0,1,1,1,0,1,1,1,1,1,1,0,1,0,1,1,1,1,0,1,1,0,0
1,0,1,1,1,0,0,1,1,1,1,0,1,0,1,1,1,1,0,0,0,0,1,1,1,1,0,0
0,0,0,0,0,0,0,0,0,1,1,0,1,1,1,0,0,1,0,1,1,1,1,0,1,0,0,0
1,1,0,0,0,0,1,0,0,0,0,0,1,1,1,1,1,1,1,1,1,0,0,1,0,0,0,1
0,0,0,0,0,0,0,1,1,0,0,1,0,1,1,1,0,1,0,1,1,1,1,0,1,1,1,1
1,1,0,0,1,0,0,1,0,0,0,0,0,1,1,0,0,1,1,0,0,0,0,0,0,1,0,0
0,0,0,0,0,0,1,1,1,0,1,1,1,1,1,0,0,1,0,1,1,1,1,0,1,1,0,1
1,1,1,1,1,1,1,1,0,0,0,0,1,1,1,1,1,1,1,0,0,0,1,0,1,0,1,0
1,1,1,1,1,0,0,0,1,0,1,1,1,1,1,1,0,1,0,1,1,0,0,1,0,0,1,0
0,0,0,0,0,0,0,1,1,1,1,1,0,1,1,0,0,1,1,1,1,0,0,0,0,0,0,0
1,1,1,0,1,0,1,0,0,0,1,1,1,0,0,1,0,0,0,1,1,0,1,1,1,0,0,0
1,1,1,1,1,1,0,1,0,1,1,0,0,0,0,1,0,0,0,0,0,0,1,1,1,0,0,0
0,0,0,0,0,1,0,0,1,1,1,0,1,1,1,0,0,1,0,0,0,0,1,0,1,1,0,0
0,0,1,1,1,1,0,1,1,0,0,0,1,1,1,0,0,0,0,0,1,0,1,0,1,1,0,0
0,0,0,0,0,0,1,0,0,1,1,0,0,1,1,1,0,1,0,0,0,0,1,1,1,0,0,0
0,0,0,0,1,0,0,1,1,0,0,0,0,1,1,0,0,1,1,0,0,0,0,1,0,1,0,0
0,0,0,0,0,1,0,0,0,0,0,0,1,0,0,1,1,0,0,0,0,0,1,1,1,1,1,0
0,0,0,0,0,0,0,0,0,1,1,0,0,0,1,1,0,1,0,0,0,0,0,1,0,0,1,0
0,0,0,0,0,0,0,0,0,0,0,0,1,1,1,0,0,1,0,1,1,1,1,1,1,0,0,0
0,0,1,0,1,0,1,1,1,1,1,0,1,0,0,1,1,1,1,0,0,0,0,0,0,1,1,0
1,1,1,1,1,0,1,0,0,0,0,0,1,1,1,1,1,1,0,0,0,0,1,1,1,1,0,0
0,0,0,0,0,1,0,1,1,1,1,1,0,1,1,1,0,1,0,0,0,0,1,1,1,0,1,0
0,0,0,0,0,1,1,1,0,0,0,0,1,0,0,1,1,0,1,1,1,1,1,1,1,0,0,0
1,1,1,1,1,1,0,0,0,0,0,0,1,1,1,1,1,1,1,0,0,0,1,0,1,1,1,0
0,0,0,0,0,1,1,0,1,1,1,0,1,0,1,0,0,1,1,0,0,0,1,0,1,0,0,0
0,0,0,0,0,1,0,0,0,0,1,1,1,0,0,1,1,1,0,0,0,0,0,1,0,0,1,0
1,1,1,1,1,1,0,1,1,1,1,1,1,0,0,1,0,0,0,1,1,1,0,1,0,1,1,0
1,1,1,1,1,1,0,0,1,0,1,1,1,0,0,1,1,0,0,1,1,1,1,0,1,1,0,0
1,0,1,1,1,0,1,0,0,0,0,0,1,0,0,1,1,0,1,0,0,0,0,1,0,0,0,0
0,0,0,0,0,0,0,0,1,1,1,0,1,1,1,1,0,0,0,1,1,1,0,1,0,0,1,0
1,1,1,1,1,0,0,0,1,0,1,1,1,0,0,1,0,0,0,1,1,1,0,1,0,0,0,0
1,0,1,1,1,0,0,0,0,1,1,0,0,0,1,1,0,1,0,0,0,0,1,0,1,0,0,0
0,0,0,0,1,1,1,1,0,1,1,0,1,0,1,1,1,1,1,0,0,0,0,1,0,0,0,0
1,1,1,1,1,1,1,1,1,1,1,1,1,0,0,1,0,1,0,1,1,1,0,1,0,0,0,0
0,0,0,0,0,1,0,1,1,0,1,1,0,1,1,1,0,1,0,0,0,0,1,0,1,0,1,0
1,0,1,1,1,0,0,0,0,0,0,0,1,0,0,1,1,0,0,0,0,0,0,1,0,0,0,1
0,0,0,0,0,1,0,1,0,1,1,0,0,1,1,0,0,1,1,1,1,1,0,0,0,0,1,1
0,0,0,0,0,0,0,0,0,1,1,0,1,0,1,0,0,1,1,0,0,0,0,1,0,0,1,0
1,1,1,1,1,0,0,0,1,1,1,1,1,0,0,1,0,0,1,0,0,0,0,0,0,0,0,0
1,0,1,1,1,0,0,0,0,0,0,0,1,0,0,1,0,1,0,0,0,0,1,1,1,1,1,1
0,0,0,0,1,1,0,0,0,1,1,0,0,1,1,1,0,1,0,0,0,0,0,1,0,1,1,1
0,0,0,0,0,0,0,1,0,0,1,1,1,1,1,1,0,1,0,1,1,0,1,1,1,0,1,0
1,0,1,1,1,1,0,1,0,1,1,0,1,1,1,0,0,1,0,0,0,0,1,1,1,0,0,0
1,1,1,1,1,0,0,1,1,0,1,1,1,1,1,1,1,1,1,0,0,0,0,0,0,0,1,1
1,0,1,1,1,0,1,1,1,1,1,1,0,1,1,1,0,1,0,0,0,0,1,0,1,1,1,0
1,0,1,1,1,0,0,0,0,0,0,0,0,1,1,1,0,1,0,0,0,0,0,1,0,0,1,0
0,0,0,0,0,1,0,1,1,1,1,1,1,0,1,1,0,1,1,1,1,1,1,0,1,0,1,1
0,0,0,0,0,1,0,1,1,0,1,1,1,1,0,1,0,0,1,1,1,1,1,1,1,1,1,1
1,1,1,1,1,1,0,1,1,1,1,1,1,0,1,1,0,1,0,1,1,1,1,0,1,0,0,1
1,1,1,1,1,1,0,1,0,1,1,0,0,0,0,1,0,0,0,1,1,1,0,0,0,1,0,0
1,1,1,1,1,0,1,1,0,1,1,0,1,1,1,0,0,1,1,1,1,1,0,1,0,1,0,0
1,0,1,1,1,0,1,0,0,0,0,0,0,1,1,0,0,1,0,0,0,0,0,0,0,1,1,0
1,1,1,1,1,1,0,0,0,1,1,0,0,1,1,1,0,1,0,1,1,1,1,0,1,0,1,0
1,0,1,0,1,1,0,1,1,0,1,1,1,1,1,0,0,1,0,0,0,0,1,1,1,0,1,0
0,0,0,0,0,0,0,0,1,0,1,1,1,0,0,1,1,0,0,1,1,1,1,0,1,0,0,0
1,1,1,1,1,1,1,0,1,1,1,1,0,1,1,1,0,1,1,1,1,1,0,1,0,1,0,1
1,1,1,1,1,1,0,1,0,1,1,0,1,0,1,1,1,1,0,1,1,1,1,0,1,1,0,0
0,0,0,0,0,1,0,1,0,0,0,0,1,1,1,1,1,1,1,0,0,0,0,0,0,1,0,0
0,0,1,1,1,0,1,0,0,1,1,1,1,0,1,1,0,1,1,1,1,0,1,1,1,0,0,1
1,0,1,1,1,1,0,1,0,1,1,0,1,0,1,1,1,1,0,1,1,1,1,0,1,1,1,0
0,0,1,1,1,0,0,1,1,1,1,0,1,1,1,0,0,1,0,0,0,0,0,1,0,0,1,1
1,1,1,1,1,0,0,1,0,0,1,1,1,1,1,1,0,1,1,1,1,0,1,0,1,1,0,0
0,0,0,0,0,1,0,0,1,1,1,1,0,0,1,1,0,1,1,0,0,0,0,1,0,1,0,0
0,0,0,0,0,1,0,1,0,0,0,0,1,1,1,1,1,1,0,0,0,0,0,1,0,0,0,0
0,0,0,0,1,1,0,0,0,0,0,0,0,1,1,1,0,1,0,1,1,1,0,1,0,1,0,0
0,0,1,1,1,0,0,0,1,1,1,1,0,0,1,1,0,1,1,1,1,1,1,0,1,1,0,1
1,0,1,1,1,0,0,0,0,0,0,0,1,0,0,1,1,0,0,0,0,0,1,1,1,0,1,0
1,1,1,1,1,1,0,0,1,1,1,1,0,1,1,1,0,1,1,1,1,0,0,1,0,1,0,1
0,0,0,0,1,0,0,1,1,1,1,1,1,0,0,1,1,0,1,1,1,1,0,0,0,1,0,0
1,1,1,1,1,0,0,0,0,0,0,0,1,1,1,1,1,1,0,0,0,0,0,0,0,0,1,1
1,0,1,1,1,1,1,0,0,1,1,0,0,1,1,0,0,1,1,1,1,1,1,0,1,0,0,0
0,0,0,0,1,1,0,0,0,1,1,0,1,0,1,1,1,1,1,0,0,0,0,1,0,1,0,0
0,0,0,0,0,0,0,1,1,1,1,1,1,0,0,1,0,1,0,0,0,0,0,0,0,1,0,0
1,0,1,1,1,0,0,1,1,0,1,1,1,1,1,1,0,0,0,1,1,1,1,0,1,1,0,1
1,1,1,1,1,1,0,0,0,1,1,1,1,0,0,1,0,0,1,1,1,0,0,1,0,1,0,0
1,1,1,1,1,1,0,0,0,1,1,0,0,1,1,0,0,1,1,0,0,0,1,0,1,1,0,0
1,1,1,1,1,0,1,1,0,1,1,0,1,0,0,1,1,0,1,1,1,1,0,1,0,1,0,0
0,0,1,1,1,0,1,0,1,0,1,1,1,0,0,1,1,0,0,0,0,0,1,0,1,0,0,0
0,0,1,1,1,1,0,1,1,1,1,1,0,1,1,0,0,1,1,0,0,0,0,1,0,1,1,1
0,0,0,0,1,1,0,0,0,0,0,0,1,1,1,1,1,1,0,0,0,0,0,1,0,1,0,0
1,0,1,1,1,1,0,1,1,1,1,1,0,1,1,1,0,1,0,0,0,0,0,1,0,0,1,0
1,0,1,1,1,0,0,1,0,0,0,1,1,1,1,0,0,1,0,1,1,1,0,0,0,0,1,1
1,0,1,1,1,1,1,1,1,1,1,1,0,0,1,1,0,1,0,1,1,1,0,1,0,1,1,1
1,1,1,1,1,1,0,0,0,0,0,0,1,0,0,1,1,0,1,0,0,0,0,0,0,0,0,0
0,0,1,1,1,0,0,0,0,1,1,0,1,0,0,1,1,0,1,0,0,0,0,0,0,0,0,0
1,1,1,1,1,0,1,0,0,0,0,0,0,1,1,0,0,1,0,0,0,0,0,1,0,1,0,0
0,0,0,0,1,1,0,0,1,1,1,1,0,0,0,1,0,0,1,0,0,0,0,1,0,1,0,0
0,0,0,0,0,0,0,0,1,1,1,1,0,0,1,1,0,1,0,0,0,0,0,1,0,0,1,0
1,1,0,0,0,1,0,1,1,1,1,0,1,0,0,1,0,1,0,1,1,1,1,0,1,1,0,0
0,0,0,0,0,1,0,0,0,1,1,0,0,1,1,0,0,1,0,1,1,0,0,0,0,1,0,0
0,0,1,0,1,0,0,1,0,0,0,0,1,1,1,1,1,1,1,0,0,0,1,0,1,0,0,0
0,0,0,0,0,1,0,0,1,0,1,1,1,1,1,1,0,1,0,0,0,0,0,1,0,0,0,0
1,1,1,1,1,1,0,1,1,1,1,1,0,0,1,1,0,1,1,0,0,0,0,1,0,1,1,1
0,0,0,0,0,1,0,1,1,1,1,1,1,0,0,1,1,0,1,1,1,1,0,0,0,1,0,0
1,1,1,1,1,0,0,0,0,1,1,0,1,1,1,1,1,0,1,0,0,0,0,1,0,1,0,1
1,1,1,1,1,1,1,0,1,1,1,1,0,1,1,1,0,1,1,0,0,0,0,0,0,1,1,1
1,0,1,0,1,1,0,1,0,0,0,0,1,1,1,0,0,1,0,1,1,1,0,1,0,0,1,1
0,0,1,1,1,0,0,1,0,0,0,0,1,0,0,1,1,0,1,1,1,1,0,0,0,0,0,0
0,0,0,0,0,0,1,1,1,0,0,0,0,1,1,0,0,1,0,1,1,0,0,1,0,0,0,0
1,1,1,1,1,1,0,0,1,1,1,0,1,0,0,1,0,0,0,1,1,1,1,1,1,0,1,0
0,0,0,0,1,0,1,0,0,1,1,1,0,1,1,0,0,1,1,0,0,0,1,0,1,0,0,0
0,0,1,1,1,0,0,1,1,1,1,1,1,0,1,1,0,1,0,1,1,1,0,1,0,0,0,0
1,1,1,1,1,1,0,0,1,1,1,1,1,0,0,1,1,0,0,0,0,0,0,1,0,0,1,0
1,1,1,1,1,1,0,0,0,0,0,0,1,1,1,1,1,1,0,1,1,1,0,0,0,1,0,0
1,1,1,0,1,0,1,1,0,1,1,0,1,0,1,0,0,1,1,0,0,0,0,1,0,0,0,0
1,1,1,1,1,0,1,1,0,1,1,1,1,0,1,1,0,1,1,1,1,1,1,0,1,0,0,0
1,0,1,0,1,1,1,1,0,1,1,0,1,1,1,0,0,1,1,1,1,1,1,1,1,1,0,0
0,0,1,1,1,1,0,1,0,0,0,0,1,1,1,1,1,1,0,0,0,0,0,0,0,0,0,0
0,0,0,0,0,1,0,1,0,0,0,0,0,1,1,1,0,1,0,0,0,0,1,0,1,0,1,0
1,0,1,0,0,0,1,1,1,1,1,0,0,1,1,0,0,1,0,1,1,1,1,0,1,0,1,0
1,0,0,0,0,0,1,0,0,1,1,0,0,1,1,1,0,1,0,1,1,1,0,1,0,0,0,1
1,0,1,1,1,1,1,0,1,1,1,0,1,0,0,1,0,0,0,1,1,1,0,0,0,0,1,0
1,1,1,1,1,1,0,0,1,1,1,1,0,0,1,1,0,1,0,1,1,1,0,0,0,0,1,0
0,0,0,0,0,1,0,0,1,1,1,0,1,0,0,1,1,0,1,1,1,0,1,1,1,0,0,1
0,0,0,0,1,1,0,1,0,0,1,1,1,1,1,1,0,1,0,1,1,1,0,1,0,0,1,0
0,0,1,0,1,1,0,0,1,1,1,0,1,0,1,1,1,1,1,1,1,1,1,0,1,1,1,1
1,0,1,1,1,0,1,0,1,1,1,1,0,1,1,1,0,1,0,1,1,0,1,1,1,0,0,1
0,0,0,0,0,0,0,0,1,1,1,1,1,0,0,1,1,0,0,0,0,0,0,1,0,0,1,0
0,0,0,0,1,1,0,0,0,1,1,0,0,1,1,0,0,1,1,0,0,0,1,1,1,0,1,0
0,0,0,0,1,0,1,0,0,1,1,0,0,1,1,1,0,1,1,0,0,0,1,0,1,0,0,0
0,0,0,0,0,0,0,1,0,0,0,0,1,1,1,1,1,1,1,0,0,0,1,0,1,1,0,1
1,1,1,1,1,1,0,1,1,0,1,1,1,1,1,1,1,1,0,0,0,0,1,0,1,1,0,0
0,0,0,0,1,1,0,0,0,1,1,0,1,0,0,1,1,0,1,0,0,0,0,1,0,1,1,0
1,0,0,0,0,1,0,0,1,0,1,1,1,1,1,1,0,1,0,1,1,1,0,1,0,1,0,1
0,0,0,0,0,1,0,1,0,1,1,0,0,1,1,0,0,1,1,0,0,0,0,1,0,1,0,0
0,0,0,0,0,0,0,1,0,1,1,1,0,1,1,0,0,1,1,0,0,0,1,0,1,0,0,0
1,1,1,1,1,1,0,1,1,0,1,1,1,1,1,1,1,1,0,1,1,1,1,1,1,1,1,0
1,0,1,1,1,0,0,1,1,0,1,1,1,0,0,1,1,0,0,1,1,1,1,0,1,0,0,0
1,1,0,0,1,1,0,1,1,1,1,0,1,0,1,1,1,1,1,1,1,1,0,1,0,0,1,0
0,0,1,1,1,1,0,1,0,0,0,0,0,1,1,0,0,1,0,0,0,0,0,1,0,1,0,1
1,0,1,1,1,1,0,0,1,1,1,1,1,0,1,1,0,1,1,1,1,1,0,0,0,1,1,0
1,1,1,1,1,1,0,0,1,1,1,1,0,0,0,1,0,0,0,1,1,1,1,0,1,0,1,0
1,0,1,1,1,1,0,1,0,1,1,0,1,1,1,0,0,1,0,0,0,0,1,0,1,1,0,0
1,1,1,1,1,1,0,0,1,1,1,0,0,0,1,1,0,1,1,0,0,0,1,1,1,1,0,0
1,1,1,1,1,0,0,0,0,1,1,0,0,1,1,1,0,1,1,1,1,1,1,1,1,1,0,0
1,0,1,1,1,0,0,0,1,0,0,0,0,1,1,0,0,1,0,0,0,0,0,0,0,0,0,1
1,1,1,1,1,0,1,1,1,0,1,1,1,0,0,1,1,0,0,1,1,1,0,0,0,1,0,0
1,1,1,1,1,0,0,0,1,0,0,0,1,1,1,0,0,1,1,1,1,1,1,0,1,1,1,0
0,0,0,0,0,0,0,0,1,0,1,1,1,0,0,1,0,1,1,1,1,1,1,0,1,0,1,1
1,0,0,0,1,1,0,0,1,1,1,0,1,0,0,1,0,1,0,1,1,1,1,0,1,0,0,0
1,1,1,0,1,0,0,0,0,1,1,0,0,1,1,1,1,1,1,0,0,0,0,0,0,0,1,0
0,0,0,0,1,1,0,1,0,0,0,0,1,1,1,0,0,1,0,1,1,1,1,1,1,1,1,1
1,0,1,1,1,1,0,1,0,0,0,0,1,1,1,1,1,1,0,1,1,1,0,0,0,0,1,0
1,1,1,0,0,1,1,1,0,0,0,1,1,0,0,1,1,0,1,1,1,1,1,0,1,0,0,0
1,1,1,1,1,1,0,0,1,1,1,1,0,0,1,1,0,1,1,0,0,0,1,0,1,1,0,1
0,0,1,1,1,1,0,0,1,0,1,1,1,0,0,1,0,0,0,1,1,1,0,0,0,0,0,0
1,0,1,0,0,1,0,0,0,0,0,0,1,0,0,1,1,0,1,1,1,1,1,1,1,1,0,0
1,1,1,1,1,0,0,0,0,0,0,0,1,1,1,1,1,1,1,1,1,1,1,0,1,1,1,0
1,0,1,1,1,0,0,1,1,1,1,1,1,0,1,1,0,1,0,0,0,0,0,1,0,0,1,1
0,0,0,0,0,1,0,0,1,1,1,1,0,0,0,1,0,0,0,0,1,0,0,0,0,1,0,1
1,1,1,1,1,0,1,1,0,0,0,0,0,1,1,0,0,1,1,1,1,1,1,1,1,1,0,0
1,0,1,1,1,1,0,1,0,0,0,0,1,1,1,1,1,1,0,1,1,1,1,0,1,1,0,0
1,1,1,0,1,0,0,1,0,1,1,0,1,0,0,1,1,1,1,0,0,0,0,1,0,1,1,1
1,0,0,0,0,1,1,0,0,0,0,0,1,0,0,1,1,0,1,0,0,0,1,0,1,1,0,1
0,0,0,0,0,0,0,0,1,0,1,1,1,1,1,0,0,1,0,1,1,1,1,1,1,1,0,0
0,0,1,1,1,0,0,0,0,0,0,0,1,0,0,1,1,0,1,0,0,0,1,1,1,1,0,1
1,1,1,1,1,1,0,1,0,0,1,1,1,0,0,1,1,0,1,1,1,0,0,0,0,1,0,1
1,1,1,1,1,0,1,0,1,0,1,1,1,1,1,0,0,1,0,1,1,1,0,0,0,0,0,0
0,0,0,0,0,0,1,1,0,1,1,1,1,1,1,1,1,1,1,1,1,1,1,0,1,0,0,1
1,1,1,0,1,0,0,0,0,1,1,0,1,0,1,0,0,1,1,0,0,0,0,1,0,1,0,0
0,0,1,1,1,1,0,1,0,1,1,0,1,0,1,0,0,1,0,1,1,1,0,1,0,1,0,1
0,0,0,0,0,1,0,1,0,1,1,0,1,1,1,0,0,1,1,0,0,0,0,0,0,0,1,0
0,0,1,1,1,1,0,1,0,1,1,0,0,0,1,1,0,1,1,1,1,1,1,0,1,0,1,1
1,1,1,1,1,1,0,1,0,0,1,1,1,0,0,1,1,0,0,1,1,0,0,0,0,1,0,0
0,0,0,0,0,0,0,0,1,1,1,1,1,0,0,1,1,0,0,0,0,0,0,1,0,1,0,0
1,1,0,0,1,1,0,1,0,1,1,1,0,1,1,1,1,1,1,1,1,0,0,1,0,0,0,0
1,0,1,1,1,1,0,1,0,0,0,0,1,0,0,1,1,0,0,1,1,1,0,0,0,0,0,1
1,0,1,0,1,1,0,0,0,0,0,0,1,1,1,1,1,1,0,0,0,0,0,0,0,1,0,0
0,0,1,1,1,0,0,0,1,1,0,0,1,0,0,1,1,0,0,1,1,1,0,1,0,0,1,0
1,0,1,1,1,1,0,1,0,1,1,1,1,0,0,1,0,0,0,1,1,0,1,0,1,1,0,0
0,0,0,0,1,0,1,0,1,1,1,1,0,1,1,1,0,1,0,1,1,1,0,1,1,1,1,0
1,0,1,1,1,0,1,0,0,1,1,0,0,1,1,1,0,1,1,0,0,0,1,1,1,0,1,0
1,0,1,0,1,0,1,1,1,1,1,1,1,0,0,1,0,0,0,1,1,1,0,1,0,1,1,1
1,0,1,1,1,1,0,0,1,1,1,1,1,0,0,1,0,1,0,0,0,0,1,0,1,0,0,0
0,0,0,0,0,1,0,1,1,1,1,1,0,1,1,1,0,1,0,1,1,0,1,1,1,1,1,0
1,1,0,0,0,1,0,1,0,1,1,0,1,0,1,1,1,1,1,0,0,0,0,1,0,1,1,0
0,0,0,0,0,1,0,0,1,0,1,1,1,1,1,1,0,1,0,1,1,1,0,1,0,1,1,0
0,0,0,0,0,1,0,0,0,1,1,0,1,0,0,1,1,1,0,0,0,0,0,1,0,1,0,0
1,0,0,0,0,1,0,0,0,0,1,1,1,1,1,1,0,1,0,1,1,0,0,0,0,1,1,1
0,0,0,0,0,0,0,1,1,1,1,1,1,0,1,1,0,1,1,1,1,1,1,0,1,0,0,0
0,0,0,0,0,1,0,1,0,0,1,1,1,0,0,1,0,0,0,1,1,0,0,1,0,0,1,1
1,0,0,0,0,0,0,0,0,1,1,1,1,0,1,1,1,1,1,1,1,1,0,1,0,1,1,0
1,1,0,0,0,0,0,0,1,0,1,1,1,1,1,1,0,1,0,1,1,1,0,1,0,1,1,0
1,1,1,1,1,0,0,1,0,1,1,0,1,1,1,0,0,1,0,0,0,0,0,1,0,0,1,0
0,0,0,0,1,0,0,0,1,0,1,1,1,0,0,1,0,0,0,1,1,1,1,0,1,0,1,0
0,0,0,0,1,1,0,0,0,0,0,0,0,1,1,0,0,1,0,0,0,0,1,0,1,1,0,0
0,0,0,0,0,0,0,1,0,1,1,0,1,0,1,1,1,1,1,0,0,0,0,1,0,1,1,0
1,0,1,1,1,1,0,0,1,1,1,1,1,0,1,1,1,1,1,0,0,0,1,0,1,1,0,1
0,0,1,1,1,0,1,0,1,1,1,0,1,1,1,1,0,1,0,0,0,0,0,1,0,0,1,0
1,0,1,1,1,0,0,0,0,1,1,0,1,0,0,1,1,1,0,0,0,0,1,0,1,1,1,0
1,1,1,1,1,1,0,0,1,0,1,1,1,1,1,0,0,1,0,0,0,0,1,1,1,0,1,0
1,1,1,1,1,0,0,1,1,1,1,1,0,0,0,1,0,0,1,0,0,0,1,0,1,1,1,0
1,0,1,0,1,0,0,0,1,1,1,0,1,0,1,0,0,1,0,1,1,1,1,1,1,1,0,0
0,0,1,1,1,1,0,0,1,0,0,0,0,1,1,0,0,1,1,1,1,1,1,0,1,0,1,0
1,1,1,0,1,0,1,1,1,1,1,1,1,0,0,1,1,0,0,1,1,1,0,1,0,0,1,0
0,0,0,0,0,0,0,0,1,0,0,0,1,1,1,1,1,1,0,0,0,0,1,0,1,0,1,0
0,0,0,0,1,1,0,0,0,1,1,0,1,1,1,1,1,0,0,0,0,0,1,0,1,0,1,0
0,0,0,0,0,0,0,0,0,0,0,0,1,1,1,1,1,1,1,0,0,0,0,0,0,1,0,1
1,0,1,0,1,1,1,0,0,1,1,0,1,1,1,1,1,1,1,0,0,0,1,0,1,1,0,0
1,0,0,0,1,1,0,1,0,1,1,1,0,0,1,1,0,1,1,0,0,0,1,0,1,1,0,0
1,1,1,1,1,1,0,1,0,0,1,1,1,1,1,0,0,1,1,0,1,0,1,0,1,0,0,0
1,0,1,1,1,0,0,1,0,1,1,0,0,0,1,1,0,1,1,1,1,1,1,0,1,0,1,0
1,1,1,1,1,1,0,1,0,1,1,1,1,1,0,1,0,0,1,0,0,0,1,0,1,0,1,1
1,0,1,0,0,0,1,1,0,0,1,1,1,0,0,1,0,0,0,1,1,1,0,0,1,1,0,0
1,0,1,0,1,1,0,0,0,0,0,0,1,1,1,0,0,1,0,1,1,1,1,1,1,0,0,0
1,0,1,0,1,1,0,0,0,0,0,0,0,1,1,0,0,1,0,1,1,1,0,1,0,1,0,0
0,0,0,0,0,0,0,0,1,0,0,0,1,1,1,1,1,1,0,0,0,0,1,1,1,1,1,0
1,1,1,1,1,1,0,0,0,0,0,1,1,0,0,1,1,0,1,0,0,0,1,0,1,0,0,0
1,1,1,0,0,1,0,1,0,1,1,1,0,0,1,1,0,1,1,0,0,0,1,1,1,1,0,1
1,1,1,0,1,0,0,0,1,1,1,1,1,0,0,1,1,0,1,0,0,0,1,0,1,0,0,1
0,0,0,0,0,0,0,0,0,1,1,0,0,0,0,1,0,0,0,0,0,0,0,1,0,1,0,0
1,0,0,0,1,1,0,1,1,1,1,0,1,1,1,0,0,1,0,1,1,1,1,1,1,1,1,0
0,0,0,0,0,1,0,0,1,0,0,0,1,0,0,1,1,0,1,0,0,0,0,1,0,0,1,0
0,0,0,0,0,1,1,1,1,1,1,0,1,0,1,1,1,1,1,1,1,1,1,0,1,1,0,0
1,1,1,1,1,0,0,1,0,1,1,0,1,0,1,0,0,1,0,0,0,0,0,1,0,1,1,0
1,0,1,1,1,0,0,1,0,0,1,1,1,0,0,1,1,0,1,1,1,1,1,0,1,1,1,0
0,0,0,0,0,0,1,0,0,1,1,0,1,0,1,1,1,1,1,0,0,0,0,1,0,0,1,0
1,1,1,1,1,1,0,1,1,1,0,0,1,1,1,1,0,1,0,1,1,0,1,0,1,1,0,0
0,0,1,0,1,1,0,0,0,0,0,0,1,0,0,1,1,0,1,0,0,0,1,1,1,1,1,0
1,0,1,0,1,1,0,0,1,1,1,0,1,0,0,1,1,0,1,1,1,1,0,1,0,1,0,0
1,1,1,1,1,1,0,1,1,1,1,1,0,0,0,1,0,0,0,1,1,1,1,1,1,0,0,0
1,0,1,0,0,1,0,1,0,0,0,0,1,1,1,1,1,1,0,1,1,0,1,0,1,1,1,0
1,0,1,1,1,0,0,0,1,0,0,0,1,1,1,1,0,1,0,1,1,0,0,1,0,0,1,0
1,1,1,1,1,1,0,1,0,0,0,0,1,1,1,1,1,1,0,1,1,1,1,0,1,0,0,0
1,1,1,1,1,0,0,0,0,1,1,0,0,1,1,0,0,1,1,0,0,0,0,1,0,0,1,0
0,0,0,0,0,1,0,0,0,0,1,1,1,1,1,1,0,1,0,1,1,0,0,1,0,1,0,0
1,1,1,1,1,1,0,0,1,0,0,1,1,0,0,1,1,0,0,1,1,0,0,0,0,1,0,0
0,0,0,0,0,0,1,1,1,1,1,1,1,0,0,1,0,0,1,0,0,0,1,1,1,1,0,0
0,0,1,1,1,0,0,1,0,0,0,0,1,0,0,1,1,1,1,0,0,0,1,1,1,0,1,0
0,0,0,0,1,0,0,1,0,1,1,0,0,1,1,1,0,1,0,0,0,0,0,1,0,1,1,0
0,0,0,0,1,0,0,1,0,1,1,0,0,1,1,1,0,1,1,0,0,0,0,0,1,0,1,0
1,1,1,1,1,0,0,1,0,0,0,0,1,1,1,1,1,1,0,1,1,0,0,1,0,1,0,0
1,1,1,1,1,0,0,0,1,1,1,0,1,0,1,1,1,1,0,1,1,1,1,0,1,0,1,0
1,1,1,1,1,0,0,1,0,1,1,0,0,1,1,1,0,1,0,1,1,1,0,1,0,1,0,0
1,1,1,1,1,0,0,0,0,1,1,0,1,0,0,1,1,0,1,1,1,1,0,1,0,0,1,0
1,0,1,1,1,1,0,1,1,1,1,1,1,0,1,1,0,1,1,1,1,1,1,1,1,1,0,0
0,0,0,0,1,0,0,1,0,1,1,0,1,0,1,1,1,1,0,1,1,1,0,1,0,1,1,0
1,0,1,1,1,1,0,1,1,1,1,0,1,0,1,1,1,1,1,0,0,0,1,1,1,1,1,0
1,1,1,1,1,1,0,0,1,1,1,0,0,0,1,1,0,1,1,1,1,0,1,0,1,0,1,0
1,1,1,1,1,1,0,0,0,0,0,0,1,1,1,1,1,1,1,1,1,1,1,0,1,0,0,0
0,0,1,0,0,0,1,1,1,1,1,1,0,0,0,1,0,0,0,0,0,0,1,1,1,1,0,0
1,1,1,1,1,0,0,0,1,0,1,1,1,1,1,1,0,1,0,1,1,1,0,1,0,1,1,0
1,0,1,1,1,0,0,0,1,1,1,0,1,1,1,1,0,1,0,1,1,0,0,1,0,1,0,0
1,0,0,0,0,1,0,0,1,0,0,0,0,1,1,0,0,1,0,1,1,1,1,1,1,1,1,0
1,0,1,1,1,0,1,1,1,1,1,0,1,1,1,1,1,1,0,0,0,0,1,0,1,0,1,1
1,0,1,1,1,0,0,0,0,0,0,0,0,1,1,0,0,1,0,0,0,0,0,1,0,0,1,0
1,1,1,1,1,0,0,1,1,0,0,0,0,1,1,0,0,1,0,1,1,1,1,0,1,1,1,0
0,0,1,0,1,0,0,1,0,0,0,1,0,1,0,1,0,0,1,1,1,1,1,0,1,1,1,0
0,0,0,0,0,0,0,0,1,1,1,0,1,0,0,1,0,0,0,1,1,1,0,1,0,0,1,0
0,0,1,1,1,1,1,1,0,0,1,1,1,1,1,1,1,1,1,1,1,1,0,0,1,0,1,0
1,0,1,1,1,0,0,0,0,1,1,1,1,0,1,0,0,1,0,1,1,1,1,1,1,0,1,1
0,0,0,0,0,0,0,0,1,1,1,0,1,0,0,1,1,0,1,1,1,0,0,1,0,0,1,0
0,0,0,0,1,1,0,0,0,1,1,0,1,0,0,1,1,1,1,1,1,0,1,0,1,1,0,0
1,0,1,1,1,1,0,0,0,0,0,0,1,1,1,1,1,1,0,1,1,0,1,0,1,0,1,0
0,0,0,0,0,1,0,0,1,1,1,1,1,0,1,0,0,1,1,0,0,0,1,1,1,0,0,1
1,0,1,0,1,0,0,0,0,1,1,1,1,0,0,1,1,0,1,1,1,1,1,0,1,1,0,0
1,1,1,1,1,0,1,1,0,0,0,0,1,0,0,1,1,0,1,0,0,0,0,0,0,1,1,0
0,0,1,1,1,0,1,0,1,1,1,1,0,1,1,1,0,1,0,0,0,0,0,0,0,0,0,0
1,1,1,1,1,0,1,1,0,1,1,0,1,1,1,0,0,1,1,1,1,1,0,1,0,0,0,0
1,1,1,1,1,0,1,1,1,1,1,1,1,0,0,1,1,0,1,1,1,1,0,1,0,1,1,0
1,1,1,1,1,1,0,1,0,0,0,0,0,1,1,0,0,1,0,0,0,0,0,1,0,0,1,0
1,1,1,1,1,0,0,0,1,1,1,1,0,0,1,1,0,1,1,0,0,0,0,1,1,1,1,0
1,1,1,1,1,1,0,1,1,1,1,1,1,1,1,1,0,1,1,1,1,0,0,1,0,0,1,0
1,1,1,0,1,1,0,0,0,0,0,0,1,1,1,1,1,1,1,0,0,0,1,0,1,1,0,0
1,1,1,1,1,1,1,0,0,0,0,0,1,1,1,1,1,0,0,0,0,0,0,1,0,0,1,0
1,1,0,0,0,0,1,1,1,1,1,0,1,0,0,1,1,0,0,1,1,0,1,1,1,0,1,0
1,1,1,1,1,0,0,0,1,1,1,1,1,0,1,1,0,1,0,1,1,1,0,1,0,1,1,1
1,1,1,0,1,1,0,1,0,1,1,0,0,1,1,0,0,1,0,1,1,0,1,0,1,1,0,0
1,0,1,1,1,1,0,0,1,1,1,1,0,1,1,1,0,1,0,1,1,0,0,1,1,1,0,0
1,0,1,1,1,1,1,1,1,0,1,1,0,1,1,1,0,1,0,0,0,0,1,0,1,1,0,0
1,1,1,1,1,1,1,0,0,0,0,0,0,1,1,0,0,1,1,1,1,0,1,0,1,1,1,0
0,0,1,1,1,0,1,0,0,0,0,0,0,1,1,0,0,1,0,0,0,0,0,0,0,1,1,1
1,0,0,0,0,1,1,0,1,1,1,1,0,0,0,1,0,0,0,0,0,0,0,0,1,0,0,0
0,0,0,0,0,1,0,1,0,0,0,0,1,0,0,1,1,0,0,1,1,1,0,0,0,0,1,0
1,1,1,1,1,0,1,1,0,1,1,0,1,1,1,0,0,1,0,1,1,0,1,0,1,1,0,0
0,0,0,0,0,1,0,1,1,0,0,0,0,1,1,1,0,1,0,0,0,0,1,1,1,1,0,0
0,0,0,0,1,1,0,0,1,0,0,0,0,1,0,0,0,0,1,0,0,0,1,0,1,1,1,0
1,0,1,1,1,0,0,0,0,0,0,0,1,1,1,1,1,1,0,0,0,0,1,0,1,1,0,0
0,0,1,1,1,1,0,0,0,1,1,0,1,0,0,1,1,1,1,0,0,0,1,0,1,1,0,0
1,1,1,1,1,0,1,0,1,1,1,0,0,1,1,1,0,1,0,1,1,0,1,0,1,0,0,0
1,1,1,1,1,0,0,0,0,1,1,0,0,1,1,0,0,1,1,1,1,0,1,0,1,0,0,1
1,1,1,1,1,0,0,0,1,1,1,0,0,1,1,0,0,1,0,1,1,1,0,1,0,0,1,0
1,0,1,1,1,0,0,0,0,1,1,0,0,1,1,0,0,1,0,1,1,1,1,1,1,0,0,0
0,0,0,0,0,1,0,0,1,1,1,0,0,0,1,1,0,1,0,1,1,0,1,1,1,1,0,0
0,0,0,0,1,0,1,1,1,1,1,1,1,0,1,1,0,1,1,1,1,0,0,1,0,1,0,0
1,0,1,0,1,0,1,0,0,1,1,1,0,1,1,0,0,1,0,1,1,0,0,0,0,0,1,0
1,1,0,0,0,0,1,1,1,0,1,1,1,0,0,1,0,1,0,1,1,0,1,0,1,1,1,0
0,0,0,0,0,0,0,0,1,1,1,0,0,1,1,0,0,1,0,1,1,1,1,1,1,0,0,0
0,0,0,0,1,1,0,0,1,1,1,1,1,0,1,1,0,1,1,0,0,0,1,0,1,1,1,0
1,1,1,1,1,0,1,0,0,0,0,0,1,0,0,1,1,0,1,0,0,0,1,0,1,0,0,1
1,0,1,1,1,0,1,0,0,1,1,0,0,0,1,1,0,1,1,0,0,0,1,0,1,0,1,0
0,0,0,0,0,1,0,1,0,0,0,0,1,1,1,1,1,1,0,1,1,1,0,1,0,0,1,0
0,0,0,0,0,0,0,0,1,1,1,1,0,1,1,0,0,1,1,1,1,0,1,0,1,1,0,1
1,1,1,1,1,1,0,0,0,1,1,0,0,1,1,0,0,1,1,1,1,1,1,1,1,1,0,0
1,0,1,1,1,0,0,0,0,1,1,1,1,0,1,1,0,1,1,1,1,0,0,1,0,1,1,0
1,0,1,1,1,0,0,0,1,1,1,1,1,0,0,1,0,1,1,1,1,1,0,1,0,0,0,0
1,1,1,1,1,1,0,0,1,1,1,1,1,0,0,1,1,0,1,0,0,0,1,0,1,0,0,0
1,1,1,0,1,0,0,0,0,1,1,0,0,1,1,0,0,1,1,1,1,0,1,0,1,0,0,0
1,1,1,1,1,0,0,0,1,1,1,1,0,0,1,1,0,1,0,1,1,1,1,1,1,1,0,0
0,0,0,0,0,0,0,0,0,1,1,0,1,0,0,1,1,1,1,0,0,0,1,1,1,1,0,0
0,0,0,0,0,0,1,1,0,0,0,0,1,1,1,1,1,1,0,0,0,0,1,0,1,0,0,1
0,0,1,0,1,0,0,1,0,1,1,0,1,0,0,1,0,0,1,1,1,1,1,1,1,0,0,0
1,1,1,1,1,0,1,0,1,1,1,0,0,0,1,0,0,1,0,1,1,1,1,0,1,0,0,0
0,0,1,1,1,0,1,0,0,0,0,0,1,0,0,1,1,1,1,1,1,1,0,0,0,1,1,0
0,0,0,0,0,0,0,0,0,1,1,0,1,0,1,0,0,1,1,0,0,0,0,0,0,0,0,0
0,0,0,0,0,1,0,0,0,0,0,0,1,1,1,0,0,1,0,1,1,1,1,1,1,0,0,0
1,1,1,1,1,1,0,1,0,1,1,0,0,1,1,0,0,1,1,1,1,1,1,0,1,0,0,1
1,1,0,0,0,0,0,0,0,1,1,0,1,0,0,1,1,0,1,0,0,0,0,0,0,1,0,0
1,0,1,1,1,1,0,1,0,0,0,0,1,0,0,1,1,1,0,0,0,0,0,1,0,0,1,0
0,0,0,0,0,0,1,0,0,1,1,0,1,0,0,1,1,0,0,0,0,0,1,0,1,1,0,0
0,0,0,0,0,0,0,1,0,1,1,0,1,0,0,1,1,1,0,1,1,0,1,0,1,1,0,0
1,1,1,0,1,0,0,0,1,1,1,1,0,1,1,1,0,1,0,1,1,1,1,0,1,1,1,0
1,1,1,0,1,0,0,1,0,1,1,0,1,1,1,0,0,1,0,1,1,1,1,1,1,1,0,0
1,1,0,0,0,0,0,1,0,0,0,0,1,0,0,1,1,0,1,0,0,0,1,1,1,1,0,0
0,0,0,0,0,1,0,0,0,1,1,0,1,0,1,1,1,1,0,1,1,1,0,1,0,1,0,0
1,0,1,1,1,1,0,0,0,0,0,0,0,1,1,0,0,1,0,1,1,1,1,0,1,1,0,0
1,0,1,0,1,1,0,0,1,1,1,1,0,1,1,1,0,1,0,0,0,0,1,0,1,0,0,0
1,1,1,0,1,1,0,1,0,0,0,0,0,1,1,0,0,1,0,1,1,1,0,1,0,1,1,0
1,1,1,1,1,1,0,1,1,0,1,1,1,1,1,0,0,1,0,1,1,1,1,0,1,1,0,0
0,0,0,0,0,0,0,1,0,1,1,0,1,0,1,0,0,1,1,0,0,0,1,0,1,1,1,0
0,0,0,0,1,1,0,0,0,1,1,0,1,0,0,1,1,0,0,1,1,1,1,1,1,0,0,0
0,0,0,0,0,0,0,0,1,1,1,0,1,0,0,1,0,1,1,1,1,1,0,1,0,0,1,0
0,0,1,1,1,0,0,0,0,1,1,0,0,1,1,1,0,1,0,0,0,0,1,0,1,1,0,0
0,0,0,0,0,0,0,0,0,0,0,0,0,1,1,1,0,1,0,1,1,0,1,0,1,1,1,0
1,1,1,1,1,1,0,0,0,0,0,0,0,1,1,0,0,1,0,0,0,0,0,1,0,1,0,0
0,0,1,1,1,1,0,1,0,1,1,0,0,1,1,0,0,1,1,1,1,0,0,1,0,1,1,1
1,1,1,1,1,1,0,1,1,1,1,0,1,0,1,1,1,1,1,1,1,1,1,1,1,0,1,1
0,0,1,1,1,1,0,0,1,1,1,1,1,1,1,1,0,1,1,1,1,0,1,0,1,1,1,0
0,0,1,0,1,0,0,1,1,1,1,0,1,0,1,0,0,1,0,1,1,1,1,0,1,1,1,0
1,1,1,1,1,1,0,1,1,1,1,1,0,0,1,1,0,1,0,0,0,0,0,1,0,0,0,0
1,0,1,1,1,0,0,0,1,1,1,1,1,1,1,1,0,1,0,1,1,1,0,1,0,1,0,0
0,0,0,0,0,0,0,1,0,0,0,0,1,0,0,1,1,0,1,1,1,1,0,1,0,1,0,0
1,1,0,0,0,0,0,1,1,1,1,1,1,0,0,1,1,0,1,0,0,0,1,0,1,1,0,0
0,0,0,0,0,1,1,0,0,0,0,0,1,0,0,1,1,0,0,1,1,1,1,0,1,0,0,0
0,0,0,0,0,0,1,0,0,1,1,0,1,1,1,0,0,1,1,1,1,1,0,0,1,1,0,0
0,0,0,0,1,0,0,1,0,1,1,1,1,0,1,0,0,1,1,0,0,0,0,1,0,1,0,0
1,1,1,0,0,0,1,0,1,1,1,1,0,0,1,1,0,1,0,1,1,0,0,1,0,0,0,0
0,0,0,0,0,0,0,0,0,1,1,1,1,0,0,1,0,1,0,1,1,0,0,1,0,1,0,0
0,0,1,1,1,1,0,0,0,1,1,1,1,0,0,1,1,0,0,1,1,1,1,1,1,0,0,0
0,0,0,0,1,0,0,1,0,1,1,0,0,1,1,1,0,1,0,1,1,0,0,1,0,0,0,0
0,0,0,0,0,0,0,1,1,0,0,0,1,0,0,1,1,0,1,1,1,1,1,0,1,1,1,0
0,0,0,0,0,0,0,0,1,1,1,0,0,1,1,0,0,1,1,1,1,1,0,1,0,0,0,1
0,0,0,0,0,1,0,0,1,1,1,1,0,1,1,1,0,0,0,0,0,0,1,0,1,0,0,0
1,1,1,1,1,1,0,1,1,1,1,1,1,1,1,1,1,1,1,0,0,0,1,1,1,0,1,1
1,1,1,1,1,1,1,1,1,1,1,0,1,0,0,1,0,0,1,1,1,1,1,1,1,1,1,0
1,1,1,1,1,1,0,0,0,1,1,0,1,0,0,1,1,0,0,1,1,1,1,0,1,1,0,0
1,1,0,0,0,1,1,0,1,1,1,0,0,1,1,1,0,1,0,0,0,0,1,0,1,0,1,0
0,0,0,0,0,1,0,0,1,0,0,0,1,0,0,1,1,0,0,0,0,0,1,0,1,1,1,1
1,0,1,1,1,0,1,1,1,0,0,0,0,1,1,0,0,1,1,0,0,0,1,1,1,1,0,1
0,0,0,0,0,0,0,0,1,1,1,0,1,0,0,1,1,0,0,1,1,1,1,1,1,0,0,0
1,1,0,0,0,1,0,0,1,1,1,1,0,1,1,0,0,1,0,1,1,0,1,0,1,1,0,0
0,0,1,1,1,0,0,0,0,0,0,0,1,1,1,0,0,1,0,1,1,1,0,1,0,1,0,1
1,0,1,0,1,0,0,0,0,1,1,0,1,0,0,1,1,0,1,0,0,0,0,1,0,0,1,0
1,0,1,1,1,1,0,0,1,1,1,0,1,1,1,1,1,1,0,0,0,0,1,0,1,0,0,1
1,1,1,1,1,0,0,0,0,0,0,0,0,1,1,0,0,1,0,1,1,1,1,0,1,1,0,0
1,1,1,1,1,1,1,0,1,1,1,0,1,0,0,1,0,1,0,0,0,0,1,0,1,0,0,0
1,1,0,0,0,1,0,0,0,0,0,0,1,1,1,0,0,1,0,0,0,0,1,1,1,0,0,0
0,0,1,1,1,1,0,1,0,1,1,1,0,1,1,0,0,1,1,0,0,0,1,0,1,0,0,0
1,1,1,1,1,0,0,0,0,1,1,0,0,1,1,0,0,1,0,1,1,1,0,1,0,1,1,1
0,0,0,0,0,0,0,1,0,0,0,0,0,1,1,0,0,1,0,1,1,1,0,1,0,0,1,0
0,0,0,0,0,0,0,0,0,1,1,0,1,0,1,0,0,1,0,0,0,0,1,1,1,0,0,0
1,1,1,1,1,1,0,0,0,1,1,0,0,1,1,1,0,1,0,1,1,0,1,0,1,0,0,0
0,0,0,0,0,0,1,0,0,0,0,0,0,1,1,0,0,1,0,1,1,1,1,0,1,0,1,0
0,0,0,0,0,0,0,0,1,0,0,0,1,0,0,0,0,0,0,1,1,1,0,1,0,0,0,0
1,1,1,1,1,1,0,0,1,1,1,0,0,0,1,0,0,1,1,1,1,1,1,1,1,0,0,0
1,1,1,1,1,1,0,0,1,0,0,0,1,0,0,1,1,0,0,1,1,0,0,1,0,1,0,0
0,0,1,1,1,0,0,1,0,1,1,0,1,0,0,1,1,1,0,1,1,1,1,0,1,1,1,0
1,1,1,1,1,0,0,1,1,0,1,1,0,1,1,1,0,1,0,1,0,0,0,0,0,0,1,0
0,0,0,0,0,0,1,1,0,0,0,0,1,0,0,1,1,0,1,0,0,0,1,0,1,0,1,0
1,1,0,0,0,1,0,1,1,1,1,1,0,1,1,0,0,1,0,1,1,1,1,0,1,1,1,0
0,0,0,0,0,0,0,0,1,0,0,0,1,1,1,1,0,1,0,0,0,0,0,1,0,1,0,0
0,0,1,1,1,0,1,0,1,0,0,0,1,1,1,1,1,1,1,1,1,1,0,1,0,1,1,0
0,0,0,0,0,0,0,0,0,0,0,0,0,1,1,0,0,1,0,1,1,0,1,1,1,1,1,0
0,0,1,1,1,0,1,0,0,0,0,1,1,0,0,0,0,1,0,1,1,1,1,0,1,1,0,0
0,0,0,0,1,0,0,1,0,0,0,0,1,1,1,1,1,1,0,1,1,0,1,1,1,1,0,0
0,0,0,0,0,0,0,1,0,1,1,0,1,0,0,1,1,0,1,1,1,0,0,1,0,1,0,0
0,0,1,1,1,0,1,0,0,1,1,1,1,0,0,1,0,1,0,1,1,0,0,1,0,0,0,0
1,1,1,1,1,0,1,0,0,1,1,0,1,0,0,1,0,0,0,1,1,1,0,0,0,1,1,0
1,1,1,1,1,0,0,1,0,1,1,0,1,0,0,1,1,0,1,1,1,0,1,0,1,1,0,0
0,0,0,0,0,0,1,0,0,1,1,0,0,0,1,0,0,1,1,0,0,0,0,0,0,1,0,0
1,0,0,0,1,1,0,1,1,1,1,0,1,0,0,1,0,0,0,1,1,0,0,0,0,0,1,0
1,0,0,0,0,0,0,1,0,1,1,0,1,1,1,0,0,1,0,0,0,0,0,1,0,1,1,0
1,0,1,1,1,1,0,0,0,1,1,0,0,1,1,1,0,1,0,0,0,0,1,0,1,1,0,1
1,0,1,1,1,1,1,1,1,0,1,1,0,1,1,0,0,1,0,0,0,0,1,0,1,0,0,0
0,0,1,1,1,0,1,1,0,1,1,1,0,1,1,0,0,1,0,1,1,1,1,0,1,0,1,0
1,0,1,0,1,1,0,1,1,0,1,1,1,1,1,1,0,1,0,1,1,1,1,0,1,1,1,0
0,0,0,0,0,0,0,0,1,1,1,1,0,1,1,1,0,1,0,1,1,0,1,1,1,0,1,0
1,1,1,1,1,0,0,1,1,1,1,0,0,0,0,1,0,0,0,0,0,0,1,0,1,1,0,0
1,1,1,1,1,1,0,0,0,1,1,1,0,0,1,0,0,1,0,1,1,1,1,0,1,1,0,0
1,0,0,0,0,1,0,0,0,1,1,0,1,1,1,1,0,1,0,1,1,1,1,1,1,1,0,0
0,0,1,1,1,1,0,1,0,1,1,0,1,0,1,1,0,1,0,1,1,1,1,0,1,1,0,0
1,1,1,1,1,0,0,1,0,1,1,0,0,1,1,1,0,1,1,1,1,1,1,0,1,0,1,0
0,0,0,0,1,1,0,1,0,1,1,1,0,1,1,0,0,1,0,1,1,0,1,0,1,1,0,0
0,0,1,0,1,0,0,0,1,1,1,0,1,0,0,1,1,0,1,1,1,1,1,1,1,1,0,0
0,0,0,0,0,0,0,0,0,1,1,0,1,1,1,0,0,1,1,1,1,1,1,1,1,0,1,0
1,1,1,1,1,1,0,0,0,1,1,0,1,0,0,1,1,0,1,0,0,0,1,1,1,1,1,0
0,0,0,0,1,1,0,0,1,1,1,0,1,0,0,1,0,0,1,1,1,0,1,1,1,1,0,0
1,0,1,1,1,0,0,1,1,1,1,1,0,0,0,1,0,0,0,0,0,0,1,0,1,1,0,0
0,0,0,0,1,0,0,0,1,1,1,1,1,0,0,1,0,0,0,1,1,0,1,0,1,1,1,0
1,1,1,1,1,0,0,1,1,1,1,1,1,0,0,0,0,1,0,0,0,0,0,0,0,0,0,1
1,1,1,1,1,0,0,0,0,0,0,0,1,1,1,1,1,1,1,0,0,0,1,1,1,1,0,0
0,0,1,1,1,0,0,0,0,0,0,0,1,0,0,1,1,1,1,1,1,1,0,0,0,0,0,0
1,0,1,1,1,1,0,1,0,1,1,0,1,0,1,1,1,1,1,0,0,0,1,1,1,1,0,0
1,1,1,1,1,1,0,1,0,1,1,0,1,1,1,0,0,1,0,1,1,0,0,1,0,1,0,0
0,0,0,0,0,0,1,0,0,1,1,0,0,1,1,1,0,1,0,0,0,0,1,1,1,1,1,0
0,0,0,0,0,1,0,0,1,0,0,0,0,1,1,0,0,1,0,1,1,1,0,1,0,1,0,0
0,0,1,1,1,0,0,1,1,0,1,1,0,1,1,1,0,1,0,0,0,0,0,1,0,0,0,0
1,1,1,1,1,0,1,0,0,0,0,0,1,1,1,1,1,1,1,0,0,0,0,1,0,1,0,0
1,0,1,1,1,0,0,1,1,0,1,1,1,1,1,1,0,1,0,1,1,1,0,1,0,0,0,0
1,0,1,1,1,0,1,0,1,1,1,1,1,0,0,1,0,1,0,1,1,1,0,0,0,0,0,0
0,0,1,1,1,0,0,1,1,0,1,1,1,1,1,1,1,1,0,0,0,0,0,1,0,1,1,1
0,0,1,1,1,1,0,0,1,1,1,1,1,0,1,1,0,1,0,1,1,1,0,1,0,0,1,0
1,1,1,0,0,0,0,0,0,1,1,0,1,0,0,1,1,0,1,0,0,0,1,0,1,1,1,0
1,0,0,0,1,0,1,0,0,1,1,0,1,0,0,1,1,0,0,0,0,0,1,1,1,1,0,0
1,0,1,1,1,1,1,0,0,0,0,0,0,1,1,0,0,1,1,0,0,0,0,0,0,0,1,0
1,0,1,0,1,0,0,0,1,0,1,1,0,1,1,1,0,1,0,0,0,0,1,0,1,0,1,0
1,0,1,0,1,1,0,0,1,1,1,1,0,1,1,1,0,1,0,1,1,1,1,0,1,1,0,0
1,1,1,1,1,0,1,0,0,1,1,1,1,0,0,1,0,0,0,1,1,0,1,0,1,1,0,0
1,0,1,1,1,1,0,1,0,1,1,0,1,0,0,1,1,0,1,1,1,1,1,0,1,0,0,0
0,0,0,0,0,1,0,0,1,1,1,1,0,0,1,1,0,1,1,0,0,0,1,0,1,1,0,0
1,0,0,0,0,0,1,0,0,0,0,0,1,1,1,0,0,1,0,0,0,0,0,1,0,1,0,0
1,1,1,1,1,1,0,0,0,1,1,0,1,0,1,0,0,1,1,0,0,0,0,1,0,0,1,0
1,1,1,1,1,1,0,0,1,1,1,1,1,0,0,1,1,0,1,1,1,1,0,1,0,0,0,0
1,1,1,1,1,0,0,1,0,1,1,0,1,0,1,1,1,1,1,0,0,0,0,1,0,1,1,0
1,0,1,1,1,1,0,0,0,0,0,0,1,0,0,1,1,0,1,1,1,1,1,0,1,1,0,0
1,0,1,1,1,1,1,1,0,1,1,0,1,1,1,0,0,1,1,0,0,0,0,1,0,1,0,0
1,0,1,1,1,0,0,0,0,1,1,0,0,1,1,1,0,1,0,1,1,1,1,1,1,0,1,0
0,0,0,0,1,1,0,0,0,0,0,0,1,0,0,1,1,0,1,0,0,0,1,1,1,1,1,0
1,0,1,1,1,1,1,0,0,0,0,0,0,1,1,0,0,1,0,1,1,1,1,0,1,1,1,0
1,1,1,1,1,0,1,0,1,1,1,1,1,0,0,1,1,0,0,0,0,0,0,0,0,0,1,0
1,1,1,1,1,1,0,1,0,1,1,0,1,0,0,0,0,1,0,1,1,1,0,1,0,1,0,0
0,0,0,0,0,0,1,0,1,0,1,1,1,1,1,0,0,1,1,1,1,1,0,1,0,1,1,0
1,0,1,1,1,0,0,1,0,1,1,1,1,0,1,0,0,1,1,1,1,1,1,1,1,1,1,1
1,1,1,1,1,1,0,0,1,1,1,0,0,1,1,0,0,1,0,0,0,0,0,0,1,0,1,0
0,0,1,0,1,0,0,1,0,0,0,0,0,1,1,0,0,1,1,0,0,0,1,1,1,1,1,0
1,0,1,0,1,0,0,0,1,1,1,1,1,0,0,1,0,1,0,0,0,0,0,1,0,1,1,0
0,0,0,0,1,0,0,0,1,1,1,0,1,0,1,0,0,1,0,0,0,0,1,0,1,0,1,0
0,0,1,1,1,1,1,1,1,1,1,0,1,0,0,1,1,0,1,1,1,1,0,1,0,1,1,0
1,0,1,1,1,1,0,0,0,1,1,0,0,1,1,0,0,1,1,0,0,0,1,0,1,0,0,1
0,0,0,0,0,1,0,1,1,1,1,0,0,1,1,1,0,1,1,0,0,0,1,0,1,1,1,0
1,0,1,1,1,1,0,0,1,0,1,1,1,1,1,0,0,1,1,1,1,1,1,1,1,0,0,0
0,0,0,0,0,1,0,1,0,0,0,0,0,1,1,0,0,1,0,1,1,1,1,0,1,0,0,0
1,0,1,1,1,0,1,1,1,1,1,1,1,0,1,1,0,1,1,1,1,1,1,0,1,0,1,0
0,0,0,0,0,0,0,1,1,0,1,1,1,1,1,1,0,1,0,1,1,1,1,1,1,0,1,0
1,0,1,0,1,0,1,0,0,0,0,0,1,1,1,1,1,1,0,1,1,1,1,1,1,1,0,0
0,0,1,0,1,0,0,0,0,0,0,0,1,1,1,1,1,1,1,1,1,1,0,0,0,1,1,0
1,0,0,0,0,0,0,0,0,0,0,0,1,1,1,1,1,1,0,1,1,0,0,0,0,0,1,0
0,0,0,0,0,0,0,1,0,0,0,1,1,1,1,0,0,1,0,1,1,1,1,0,1,1,0,0
1,0,1,1,1,1,0,1,1,1,1,1,0,0,0,1,0,0,0,0,0,0,1,0,1,1,0,0
0,0,0,0,0,1,0,1,1,1,1,1,0,1,1,1,0,1,0,1,1,1,1,1,1,1,0,0
1,1,1,1,1,1,0,0,0,1,1,0,0,0,0,1,0,0,0,0,0,0,1,0,1,1,1,0
0,0,1,0,1,0,1,0,1,0,1,1,1,1,1,1,1,1,0,0,0,0,1,0,1,1,0,0
0,0,1,1,1,1,0,1,1,1,1,1,0,0,0,1,0,0,0,1,1,1,0,1,0,1,1,0
1,0,1,1,1,0,1,0,0,0,0,0,1,0,0,1,1,0,1,0,0,0,0,1,0,0,1,0
0,0,0,0,0,1,0,0,1,1,1,1,1,0,1,1,0,1,0,1,1,1,1,0,1,1,0,0
1,1,1,1,1,1,1,0,1,1,1,1,1,0,1,1,1,1,1,0,0,0,0,0,0,1,0,0
0,0,0,0,1,0,0,0,1,1,1,0,1,1,1,0,0,1,0,1,1,1,1,0,1,0,0,0
1,0,1,1,1,1,1,0,1,1,1,1,0,1,1,1,0,1,0,1,1,1,1,0,1,0,0,0
1,0,1,1,1,1,0,0,0,0,1,1,1,0,0,1,1,0,1,1,1,1,1,1,1,0,1,0
1,1,1,1,1,0,0,1,0,1,1,0,0,1,1,1,0,1,1,0,0,0,1,0,1,1,0,0
0,0,0,0,1,1,0,0,1,0,0,0,0,1,1,0,0,1,0,1,1,1,1,0,1,0,1,0
1,1,1,1,1,1,0,0,0,1,1,0,1,0,0,1,1,0,1,0,0,0,1,0,1,0,0,0
0,0,0,0,0,1,0,1,0,0,0,0,1,0,0,1,1,0,0,0,0,0,0,1,0,0,1,0
1,0,1,1,1,0,0,0,0,0,0,0,1,1,1,1,1,1,1,1,1,1,0,1,0,0,0,0
1,1,1,1,1,1,0,0,0,1,1,0,0,0,1,1,0,1,1,0,0,0,0,0,0,1,0,0
0,0,1,1,1,1,0,0,0,1,1,0,1,0,1,1,1,1,1,0,0,0,1,0,1,1,1,0
0,0,0,0,0,1,0,0,1,1,1,1,0,1,1,0,0,1,0,1,1,0,1,1,1,0,1,0
0,0,0,0,0,1,1,1,1,1,1,1,1,0,1,1,0,1,1,1,1,1,1,1,1,0,0,0
1,0,0,0,0,0,1,0,1,1,1,1,1,1,1,0,0,1,0,1,1,0,1,0,1,1,1,0
1,0,1,1,1,1,0,0,0,0,0,0,1,1,1,1,1,1,0,0,0,0,0,0,0,1,0,0
0,0,0,0,0,1,0,1,1,1,1,1,1,1,1,0,0,1,0,1,1,0,0,0,0,0,1,0
1,0,0,0,1,1,0,1,0,0,0,1,1,1,1,0,0,1,0,1,1,1,0,0,0,1,0,0
1,0,1,1,1,1,0,0,0,0,0,0,1,1,1,1,1,1,1,1,1,1,0,0,0,0,1,0
1,0,1,1,1,0,1,0,0,0,0,1,1,0,1,0,0,1,0,1,1,1,1,1,1,0,1,0
1,1,1,1,1,0,1,1,0,1,1,0,1,1,1,1,1,1,1,0,0,0,0,0,0,1,1,1
0,0,1,1,1,1,0,0,0,0,0,0,1,1,1,1,1,1,1,0,0,0,0,1,0,1,1,0
1,1,1,1,1,0,1,0,0,0,0,1,1,0,0,1,1,0,0,1,1,1,0,0,0,0,1,1
1,0,1,1,1,1,0,0,1,1,1,1,0,0,1,1,0,1,1,1,1,1,0,1,0,1,1,0
0,0,0,0,0,1,0,0,0,0,0,0,1,1,1,1,0,1,1,1,1,1,1,1,1,0,1,0
1,1,1,1,1,1,0,1,1,0,1,1,1,0,0,1,1,0,1,1,1,1,0,1,0,1,1,0
1,0,1,0,1,1,0,1,0,0,0,0,1,0,0,1,1,0,1,1,1,1,0,1,0,1,1,0
1,1,1,1,1,1,0,0,0,0,0,0,1,1,1,1,1,0,1,0,0,0,0,1,0,0,0,0
1,1,1,1,1,1,1,0,0,0,0,1,1,0,0,1,1,0,1,0,0,0,0,1,0,0,0,0
1,0,1,1,1,0,1,0,0,1,1,1,1,0,0,1,0,0,0,1,1,0,1,1,1,0,0,0
1,1,0,0,0,1,0,1,0,0,0,0,1,1,1,1,1,1,1,0,0,0,1,1,1,0,1,0
1,1,1,1,1,0,1,0,1,0,0,0,0,1,1,0,0,1,0,1,1,1,1,0,1,0,0,0
1,0,1,1,1,0,0,0,1,1,1,1,0,0,1,1,0,1,0,0,0,0,1,0,1,0,0,0
1,1,1,1,1,1,0,0,0,1,1,0,1,0,1,1,1,1,1,0,0,0,1,0,1,0,1,0
1,0,0,0,0,1,0,1,1,0,1,1,0,1,1,0,0,1,0,0,0,0,1,0,1,0,1,0
1,0,0,0,1,1,0,0,0,0,0,0,1,0,0,1,1,0,1,1,1,1,1,1,1,0,0,0
1,1,1,1,1,0,1,0,0,1,1,0,0,1,1,0,0,1,0,1,1,1,1,0,1,1,0,0
0,0,0,0,1,1,0,0,0,1,1,1,1,0,0,1,0,1,0,1,1,1,1,0,1,0,0,0
1,0,0,0,0,1,0,0,0,1,1,0,1,1,1,0,0,1,0,1,1,1,0,0,0,0,1,0
0,0,0,0,1,0,0,1,0,0,0,1,0,1,1,1,0,1,0,1,1,1,1,1,1,1,0,0
1,0,0,0,0,0,0,1,0,1,1,0,0,1,1,0,0,1,1,0,0,0,1,0,1,0,1,0
1,0,1,1,1,0,0,0,1,1,1,0,1,0,0,1,1,0,0,1,1,1,0,1,0,0,1,0
0,0,0,0,1,1,0,1,0,1,1,0,1,1,1,0,0,1,0,0,0,0,1,1,1,0,1,0
0,0,0,0,0,0,1,1,1,0,1,1,1,1,1,1,0,1,0,1,1,1,1,0,1,1,0,0
1,0,1,1,1,1,0,1,0,0,0,0,1,0,0,1,1,0,1,1,1,1,1,0,1,0,0,0
1,0,1,1,1,1,0,0,0,1,1,0,1,0,0,1,1,0,1,0,0,0,1,0,1,0,1,0
1,0,1,1,1,0,0,0,1,1,1,1,0,0,0,1,0,0,0,1,1,1,0,1,0,1,0,0
1,0,0,0,1,1,1,0,0,1,1,0,1,0,0,1,0,1,0,1,1,1,0,1,0,1,0,0
1,0,1,1,1,1,0,1,0,0,0,0,1,1,1,1,1,1,1,1,1,1,1,0,1,0,1,0
1,1,1,1,1,0,0,1,0,1,1,0,1,0,0,1,1,1,1,0,0,0,1,0,1,1,1,0
1,1,1,1,1,1,0,1,0,0,0,1,0,1,1,1,0,1,0,1,1,1,0,1,0,0,1,0
1,0,1,1,1,1,1,1,1,1,1,1,0,1,1,1,0,1,0,0,0,0,1,1,1,0,1,0
1,0,1,1,1,1,0,0,0,0,1,1,1,0,0,1,0,0,0,1,1,1,1,0,1,0,1,0
1,1,1,1,1,0,0,0,0,0,0,0,1,1,1,1,1,1,0,1,1,1,0,1,0,1,0,0
0,0,0,0,0,0,0,0,1,1,1,1,0,1,1,0,0,1,0,1,1,0,0,0,0,0,1,0
1,1,1,1,1,0,1,0,0,0,0,1,0,1,1,1,0,1,0,1,1,1,1,1,1,0,0,1
0,0,0,0,0,0,0,0,0,0,0,0,1,1,1,1,1,1,0,0,0,0,1,0,1,0,1,0
1,0,1,1,1,1,0,0,0,1,1,0,1,0,0,0,0,1,1,0,0,0,1,0,1,1,1,0
1,1,1,0,1,0,0,0,0,1,1,0,1,0,0,1,0,1,0,1,1,0,1,0,1,0,1,0
0,0,0,0,0,1,0,1,0,0,0,0,0,1,1,1,0,1,0,0,0,0,1,1,1,0,1,0
0,0,1,1,1,1,0,1,0,1,1,0,0,0,0,1,0,0,0,1,1,1,1,1,1,1,1,0
1,0,1,1,1,1,0,0,0,0,0,0,1,1,1,0,0,1,0,0,0,0,0,0,0,0,0,0
1,1,1,1,1,0,0,1,1,1,1,1,0,0,1,1,0,1,1,0,0,0,1,0,1,0,1,0
1,0,1,1,1,0,1,1,0,0,0,0,1,1,1,1,1,1,0,1,1,1,0,1,0,1,1,0
1,0,1,0,1,1,0,0,0,1,1,1,1,1,1,1,1,1,0,0,0,0,1,0,1,0,0,1
1,1,1,1,1,1,0,0,0,1,1,0,1,0,0,1,1,0,1,0,0,0,1,0,1,0,1,0
0,0,0,0,1,1,0,0,0,1,1,1,1,0,0,1,0,0,0,1,1,1,1,0,1,0,0,0
0,0,1,1,1,0,0,0,0,1,1,0,1,1,1,1,1,1,1,1,1,1,0,0,0,0,0,0
0,0,1,1,1,1,0,0,0,1,1,0,1,0,0,1,1,1,1,0,0,0,1,1,1,0,0,0
1,1,1,1,1,1,0,0,1,0,1,1,1,0,0,1,1,1,0,0,0,0,0,1,0,0,1,0
1,1,1,1,1,1,0,1,1,0,1,1,1,0,0,1,1,1,1,1,1,1,1,1,1,1,0,0
1,0,1,1,1,1,0,0,0,1,1,0,1,1,1,1,0,1,0,1,1,1,1,0,1,1,1,0
1,1,1,1,1,0,0,1,0,1,1,0,0,1,1,1,0,1,0,0,0,0,1,0,1,0,1,0
1,0,1,1,1,1,0,1,1,1,1,0,1,0,1,1,0,1,1,1,1,1,0,1,0,1,1,0
0,0,0,0,0,1,0,0,0,1,1,0,0,0,1,1,0,1,1,1,1,1,1,1,1,0,1,0
1,0,1,1,1,1,1,1,1,1,0,0,1,1,1,1,1,1,1,1,1,1,0,0,0,1,0,0
1,0,1,1,1,1,0,1,0,1,1,1,1,0,0,1,0,1,0,1,1,0,0,1,0,0,0,0
1,1,1,1,1,1,0,0,1,1,1,1,1,0,1,0,0,1,1,0,0,0,0,1,0,0,1,1
1,0,1,1,1,0,1,1,0,1,1,0,1,0,1,1,1,1,1,0,0,0,0,1,0,0,0,1
1,1,1,0,1,1,0,0,0,0,0,0,1,1,1,1,1,0,0,0,0,0,1,1,1,0,0,0
1,1,1,1,1,1,0,1,0,0,0,0,1,1,1,0,0,1,0,0,0,0,1,1,1,0,1,1
1,1,1,1,1,1,0,0,0,1,1,0,1,0,0,1,1,0,1,1,1,1,1,0,1,1,0,1
1,0,1,1,1,0,1,1,0,0,0,1,0,1,1,1,0,1,0,1,1,1,1,1,1,0,0,0
1,1,1,1,1,1,0,0,1,1,1,0,1,0,0,1,1,0,1,1,1,1,0,1,0,1,0,0
1,1,1,1,1,1,0,0,0,1,1,0,0,0,0,1,0,0,0,1,1,0,1,0,1,0,0,0
1,1,1,1,1,1,0,0,0,0,0,0,1,0,0,1,1,0,0,1,1,1,1,0,1,0,1,0
1,1,1,1,1,0,0,1,0,1,1,0,1,0,0,1,1,1,0,0,0,0,0,1,0,0,1,0
1,1,1,1,1,1,0,1,1,1,1,1,1,0,1,1,1,1,1,1,1,1,0,1,0,1,0,0
0,0,1,1,1,0,1,0,0,1,1,0,0,1,1,1,0,1,1,1,1,0,1,0,1,0,0,0
0,0,0,0,0,0,0,0,0,0,0,0,1,1,1,1,1,1,0,0,0,0,1,0,1,1,0,0
1,0,0,0,1,1,0,0,0,1,1,0,0,0,1,0,0,1,1,0,0,0,0,0,0,0,0,0
1,1,1,0,1,0,1,1,0,0,0,0,1,1,1,1,1,1,1,0,0,0,0,0,0,1,0,0
1,1,1,1,1,1,0,0,0,0,0,0,0,1,1,0,0,1,0,1,1,1,1,0,1,1,1,0
1,1,1,1,1,1,0,1,0,1,1,0,0,1,1,0,0,1,1,0,0,0,0,1,0,0,0,1
1,0,1,1,1,0,1,1,1,0,1,1,1,0,0,1,1,0,1,0,0,0,1,1,1,1,1,0
0,0,1,0,0,1,0,0,0,1,1,0,1,0,0,0,0,1,0,0,0,0,1,1,1,1,0,0
0,0,1,1,1,0,1,0,0,1,1,1,0,0,1,1,0,1,1,0,0,0,0,0,0,0,0,0
1,1,1,1,1,0,0,0,1,1,1,1,1,0,0,1,0,0,1,0,0,0,1,0,1,1,0,0
1,1,1,0,1,0,0,1,0,0,1,1,1,1,0,1,0,0,1,1,1,0,1,0,1,1,0,1
0,0,0,0,0,0,0,1,0,0,0,0,0,1,1,0,0,1,0,1,1,1,1,1,1,0,0,1
1,1,1,1,1,1,0,1,0,0,0,0,1,0,0,1,1,0,1,0,0,0,0,1,0,1,0,0
1,0,1,1,1,1,0,1,1,1,1,1,0,0,1,1,0,1,0,1,1,1,0,1,0,0,0,0
1,1,1,1,1,1,0,0,1,1,1,1,0,0,0,1,0,0,0,1,1,1,1,1,1,0,1,0
0,0,1,1,1,1,1,1,1,1,1,1,0,1,1,1,0,1,0,0,0,0,1,0,1,1,0,0
0,0,0,0,0,0,0,1,0,1,1,0,0,1,1,0,0,1,1,1,1,0,1,1,1,1,0,0
1,1,1,0,1,1,0,0,0,0,0,0,1,0,0,1,0,1,0,0,0,0,0,1,1,0,1,0
1,1,0,0,0,0,0,0,0,1,1,0,1,0,0,1,1,0,1,1,1,1,0,1,0,0,0,0
1,0,1,1,1,1,0,1,0,1,1,1,1,0,1,0,0,1,0,0,0,0,1,0,1,1,1,0
1,1,1,1,1,0,1,0,0,0,0,0,0,1,1,0,0,1,0,0,0,0,0,1,0,0,1,1
1,0,1,1,1,1,1,1,0,0,0,0,1,0,0,1,1,0,0,1,1,1,0,1,0,1,0,0
0,0,1,1,1,0,1,1,0,1,1,0,1,0,0,0,0,1,1,0,0,0,1,1,1,1,1,1
0,0,0,0,0,0,1,1,0,0,0,0,1,1,1,1,1,1,0,1,1,0,1,0,1,0,1,0
1,1,1,0,1,0,1,0,0,0,0,0,1,1,1,0,0,1,0,1,1,0,0,1,0,0,0,0
1,0,0,0,0,0,0,0,0,1,1,0,0,1,1,1,0,1,0,1,1,1,1,0,1,0,1,0
1,0,0,0,0,0,0,0,0,0,0,0,0,1,1,0,0,1,0,0,0,0,0,1,0,1,0,0
1,0,1,1,1,0,1,1,1,1,1,1,0,1,1,0,0,1,1,0,0,0,0,0,0,1,0,0
1,1,1,1,1,1,0,0,0,0,0,0,1,0,0,1,1,0,1,0,0,0,1,0,1,1,1,0
0,0,0,0,1,0,0,0,0,0,0,0,1,0,0,1,0,0,0,0,0,0,1,1,1,0,1,0
0,0,0,0,0,0,0,0,0,0,1,1,1,0,0,1,0,0,0,1,1,1,0,1,0,0,0,0
0,0,0,0,1,0,0,1,0,1,1,0,1,1,1,0,0,1,0,1,1,0,0,1,0,0,1,0
1,1,1,1,1,1,0,1,0,0,0,1,1,0,0,1,0,1,0,1,1,1,1,0,1,0,1,0
1,1,1,0,1,1,0,0,0,1,1,0,0,1,1,1,0,1,0,1,1,0,1,0,1,1,0,0
1,0,1,1,1,1,0,0,0,0,0,0,0,1,1,0,0,1,0,1,1,1,0,0,0,1,0,0
1,0,0,0,0,1,0,0,1,1,1,1,0,1,1,1,0,1,1,0,0,0,0,1,0,0,0,0
0,0,0,0,1,0,1,0,1,1,1,1,0,1,1,1,0,1,0,1,1,0,0,1,0,0,1,0
1,1,1,1,1,1,0,0,1,1,1,1,0,0,1,1,0,1,0,1,1,1,1,1,1,0,0,0
0,0,0,0,0,1,0,0,1,1,1,0,0,0,1,1,0,1,0,1,1,1,1,0,1,1,0,0
0,0,0,0,0,0,1,1,0,0,1,1,1,1,1,1,0,1,0,1,1,1,1,0,1,1,0,0
1,0,0,0,0,1,0,0,1,1,1,1,1,0,1,1,0,1,1,1,1,0,0,1,0,0,1,0
1,0,1,1,1,0,0,1,1,1,1,0,0,1,1,0,0,1,0,1,1,1,1,0,1,0,0,0
1,1,1,1,1,0,0,0,1,1,1,1,1,1,1,0,0,1,0,0,0,0,1,1,1,0,0,0
1,1,1,0,1,1,0,0,1,1,1,1,0,1,1,1,0,1,0,0,0,0,0,0,0,1,1,1
0,0,1,1,1,1,1,0,1,0,1,1,0,1,0,1,0,0,1,0,0,0,1,1,1,1,0,0
0,0,0,0,0,0,0,0,0,0,0,0,0,1,1,0,0,1,0,1,1,0,1,0,1,1,1,0
0,0,0,0,0,0,1,1,1,1,1,0,1,0,0,1,0,1,1,1,1,0,0,0,0,0,0,0
1,0,0,0,0,1,0,1,0,1,1,0,0,1,1,0,0,1,0,1,1,1,1,1,1,0,0,0
0,0,0,0,0,0,0,0,0,0,0,0,0,1,1,0,0,1,0,1,1,0,1,1,1,1,1,0
0,0,0,0,1,1,0,0,1,1,1,1,0,1,1,1,0,1,0,0,0,0,0,1,0,1,0,0
0,1,0,0,1,1,0,0,1,1,1,0,0,1,1,0,0,1,0,0,0,0,1,0,1,0,1,0
0,0,0,0,0,0,0,1,0,1,1,1,0,0,1,1,0,1,0,1,1,1,1,0,1,1,1,0
1,0,1,0,1,1,0,0,0,1,1,1,1,0,1,1,1,1,0,1,1,1,1,0,1,0,0,0
0,0,0,0,1,0,0,1,1,0,0,0,1,0,0,1,1,0,1,0,0,0,0,0,0,1,1,1
1,0,1,1,1,0,0,1,1,0,0,0,0,1,1,0,0,1,0,0,0,0,1,0,1,0,1,0
1,1,1,0,0,0,0,0,1,1,1,1,0,1,1,1,0,1,0,1,1,0,1,0,1,0,0,0
1,1,1,1,1,1,1,1,1,1,1,1,1,0,1,1,0,1,1,1,1,1,0,1,0,1,0,0
0,0,0,0,0,0,1,1,0,1,1,0,0,0,0,1,0,0,0,0,0,0,0,1,0,0,0,0
0,0,0,0,0,1,0,1,1,1,1,0,0,1,1,0,0,1,1,1,1,1,0,1,0,1,0,0
1,1,1,1,1,1,0,1,1,1,1,0,0,0,1,1,0,1,0,1,1,1,0,1,0,1,0,1
0,0,0,0,0,1,0,1,1,0,1,1,1,0,0,1,0,0,0,1,1,1,0,1,0,1,1,0
0,0,0,0,0,1,0,0,0,0,0,0,1,1,1,1,1,1,1,0,0,0,1,0,1,0,0,0
0,0,0,0,0,0,0,1,0,1,1,0,0,1,1,1,0,1,0,0,1,0,0,1,1,1,1,0
0,0,0,0,0,0,0,1,1,1,1,1,1,0,1,0,0,1,1,1,1,1,1,1,1,1,0,0
1,1,1,1,1,0,0,0,0,0,0,0,1,1,1,1,1,1,1,0,0,0,1,0,1,1,1,1
1,1,1,1,1,1,0,0,1,1,1,1,1,0,0,1,1,0,1,0,0,0,0,1,0,1,0,0
0,0,0,0,1,1,0,1,1,1,1,0,0,0,0,1,0,0,1,0,0,0,1,0,1,1,0,0
1,1,1,1,1,1,0,0,0,1,1,0,1,0,1,0,0,1,1,0,0,0,0,0,0,1,1,0
1,1,0,0,0,1,0,1,1,1,1,1,1,0,1,1,1,1,1,0,0,0,1,1,1,1,0,0
0,0,0,0,0,0,0,1,0,1,1,1,0,0,1,1,0,1,1,1,1,1,0,1,1,1,1,1
0,0,1,1,1,0,0,1,1,1,1,1,1,0,1,0,0,1,0,1,1,1,1,0,1,0,1,0
1,0,1,1,1,0,0,0,0,1,1,0,1,0,1,1,1,1,1,0,0,0,0,1,0,0,0,0
0,0,0,0,0,1,0,1,1,0,0,0,0,0,1,1,1,0,1,0,0,0,0,1,0,0,1,0
0,0,1,1,1,0,1,0,1,0,1,1,0,1,1,0,0,1,0,0,0,0,0,1,0,1,1,0
1,1,1,0,1,1,0,1,0,1,1,1,0,0,1,1,0,1,1,0,0,0,1,0,1,0,0,0
0,0,0,0,0,1,0,0,0,0,0,0,0,1,1,0,0,1,0,1,1,1,1,0,1,1,0,0
1,1,1,0,1,0,1,1,0,0,0,0,1,1,1,1,1,1,1,0,0,0,0,0,0,1,0,0
1,1,0,0,0,1,1,0,0,0,0,0,1,1,1,1,1,1,0,0,0,0,0,0,0,1,0,0
0,0,1,1,1,1,1,1,0,1,1,0,0,1,1,1,0,1,0,0,0,0,1,1,1,0,0,0
1,0,1,0,0,0,0,1,0,0,0,0,0,1,1,0,0,1,0,1,1,1,1,0,1,0,0,0
0,0,0,0,0,0,0,1,0,1,1,0,1,1,1,0,0,1,0,1,1,1,0,1,0,1,0,0
1,1,1,1,1,1,0,1,0,1,1,0,1,0,0,1,1,1,1,0,0,0,1,1,1,1,1,0
0,0,0,0,0,0,0,0,0,1,1,1,1,0,1,0,0,1,0,1,1,1,0,0,0,1,0,0
1,0,1,1,1,0,1,1,1,1,1,1,1,0,1,1,1,1,1,1,1,0,1,0,1,0,0,0
1,1,1,1,1,1,0,0,0,0,0,0,1,1,1,1,1,1,1,0,0,0,1,0,1,0,1,0
1,1,1,0,1,1,0,0,0,1,1,0,0,1,1,0,0,1,1,1,1,1,1,1,1,1,0,0
1,0,1,1,1,1,0,1,1,1,1,1,0,0,1,1,0,1,1,0,0,0,0,0,1,1,1,0
0,0,0,0,0,1,1,1,1,0,1,1,1,1,1,1,0,1,0,1,1,0,1,0,1,1,0,0
1,1,0,0,0,0,0,0,0,1,1,0,0,0,0,1,0,0,0,1,1,1,1,1,1,0,1,0
0,0,0,0,0,1,0,0,0,1,1,0,1,1,1,0,0,1,1,0,0,0,0,1,1,0,0,1
0,0,1,0,1,1,0,0,1,1,1,1,0,1,1,1,0,1,0,0,0,0,0,0,0,1,0,0
1,0,1,1,1,1,0,0,1,0,0,1,1,1,1,1,0,1,0,0,0,0,0,1,0,1,0,0
1,0,0,0,0,0,0,0,0,1,1,1,0,1,1,1,0,1,0,0,0,0,1,1,1,0,0,0
1,1,1,0,1,1,0,1,1,1,1,1,0,1,1,0,0,1,0,1,1,0,1,1,1,0,1,0
0,0,1,1,1,0,1,0,1,0,0,0,1,1,1,1,1,1,0,1,1,1,1,0,1,1,1,0
1,1,1,0,1,0,1,1,1,0,0,0,0,1,1,0,0,1,0,0,0,0,1,0,1,1,0,0
1,0,1,0,1,0,0,0,0,0,0,0,0,1,1,0,0,1,0,1,1,1,1,0,1,0,0,0
1,1,0,0,1,0,1,1,1,1,1,1,0,1,1,1,0,1,0,0,0,0,1,1,1,1,1,1
0,0,0,0,0,1,0,1,0,1,1,0,0,0,0,1,0,1,0,0,0,0,0,1,0,1,0,0
1,1,1,1,1,0,1,1,0,0,0,0,1,1,1,0,0,1,0,1,1,0,1,0,1,1,0,0
0,0,0,0,0,0,0,0,1,0,0,0,1,1,1,1,1,1,1,0,0,0,0,1,0,0,0,1
0,0,0,0,0,1,0,0,0,1,1,0,0,1,1,0,0,1,0,0,0,0,1,0,1,0,0,0
0,0,1,1,1,1,1,0,0,0,0,0,0,1,1,0,0,1,0,1,1,0,1,0,1,1,0,0
1,1,1,1,1,1,0,1,1,0,0,0,1,1,1,1,1,1,0,0,1,0,0,1,0,1,1,0
1,1,1,1,1,1,1,1,1,1,1,1,0,1,1,1,0,1,0,1,1,0,1,1,1,0,0,0
1,0,1,1,1,0,0,1,0,1,1,0,1,1,1,0,0,1,0,1,1,1,1,0,1,1,1,0
1,1,1,1,1,1,0,1,0,0,0,0,1,0,0,1,1,0,1,1,1,1,1,1,1,1,1,1
1,1,0,0,0,1,0,0,1,1,0,0,1,0,0,1,1,0,1,1,1,1,1,0,1,1,0,0
1,1,0,0,1,1,0,1,0,0,0,0,1,0,0,1,1,0,1,1,1,1,0,1,0,0,0,0
0,0,0,0,0,0,0,1,0,0,0,0,1,1,1,1,1,1,1,0,0,0,1,1,1,1,1,1
0,0,0,0,0,1,0,0,1,1,1,1,1,0,1,1,1,1,1,1,1,1,1,0,1,1,0,1
1,1,1,1,1,0,0,0,0,1,1,0,0,0,1,0,0,1,1,0,0,0,1,0,1,0,1,1
1,1,1,0,1,1,0,1,0,1,1,1,0,0,1,0,0,1,1,0,0,0,1,0,1,1,0,0
0,0,1,1,1,0,1,0,1,1,1,0,0,1,1,0,0,1,1,0,0,0,0,0,0,1,0,1
1,1,1,1,1,0,0,1,0,1,1,1,1,0,0,1,0,1,0,1,1,0,0,0,0,1,0,0
1,0,1,1,1,0,0,1,1,1,1,1,0,1,1,0,0,1,0,1,1,1,0,1,0,1,0,0
1,1,1,1,1,1,0,0,1,1,1,1,0,1,1,1,0,1,0,0,0,0,0,1,0,1,1,0
1,0,0,0,0,0,1,1,1,1,1,0,0,1,1,0,0,1,0,1,1,1,1,0,1,1,0,0
1,1,1,0,1,1,0,1,1,0,1,1,1,0,0,1,0,0,0,1,1,1,0,0,0,1,0,0
1,1,1,1,1,1,0,0,1,1,1,1,0,0,0,1,0,0,0,1,1,1,0,1,0,1,1,0
1,0,1,1,1,1,0,0,0,0,0,0,1,1,1,1,1,1,0,0,0,0,1,1,1,1,0,0
1,0,1,1,1,1,0,1,0,0,0,0,0,1,1,0,0,1,0,0,0,0,0,0,0,1,1,0
0,0,0,0,0,0,0,1,1,1,0,1,1,0,0,1,0,0,0,1,1,1,1,0,1,0,1,1
1,1,1,1,1,0,1,0,1,1,1,1,1,0,0,1,0,0,0,1,1,0,0,1,0,1,0,0
1,0,1,1,1,0,0,0,0,1,1,0,0,1,1,0,0,1,1,0,0,0,1,0,1,1,0,0
1,0,1,1,1,0,1,1,1,1,1,1,1,0,1,1,0,0,0,1,1,1,1,0,1,1,0,0
1,1,1,1,1,1,0,0,0,0,0,0,1,1,1,0,0,1,0,0,0,0,1,1,1,0,1,1
1,1,1,1,1,1,0,0,0,0,1,1,1,1,1,1,0,1,0,1,1,0,0,1,0,1,0,0
1,1,1,1,1,0,1,1,1,1,1,1,0,1,1,1,0,1,0,0,0,0,1,1,1,1,1,0
1,0,0,0,0,1,1,0,0,0,0,0,1,1,1,0,0,1,0,1,1,1,1,1,1,1,1,1
0,0,0,0,0,0,0,0,1,0,1,1,1,1,1,1,0,1,0,1,1,1,0,1,0,0,1,0
0,0,1,1,1,1,1,0,1,1,0,0,1,1,1,1,1,1,1,1,1,0,1,0,1,1,0,0
0,0,0,0,0,0,0,1,0,1,1,1,0,1,1,0,0,1,0,1,1,1,1,0,1,0,0,0
1,1,1,1,1,0,1,0,0,1,1,0,1,1,1,1,1,1,0,1,1,1,0,0,0,1,0,0
0,0,0,0,0,1,0,0,0,0,0,0,0,1,1,1,0,1,0,0,0,0,1,0,1,1,1,0
1,1,1,1,1,1,1,1,0,0,1,1,1,0,0,1,0,0,0,1,1,1,1,1,1,1,1,0
1,0,1,1,1,0,0,0,1,0,1,1,1,1,1,1,1,0,1,0,0,0,1,1,1,1,1,0
1,1,1,1,1,0,0,1,0,0,1,1,1,1,1,1,1,1,0,0,0,0,1,1,1,0,0,0
0,0,1,1,1,1,0,0,0,0,0,0,0,1,1,0,0,1,0,0,0,0,0,1,0,1,0,0
0,0,1,1,1,0,0,0,0,0,0,1,1,0,0,1,1,0,0,1,1,1,1,1,1,1,0,0
1,0,1,0,1,1,0,1,0,1,1,0,1,0,1,1,1,1,1,0,0,0,1,0,1,1,0,0
1,0,1,1,1,1,0,1,0,1,1,0,1,0,0,1,0,1,1,1,1,1,0,0,0,0,0,0
0,0,0,0,0,0,1,1,0,1,1,0,0,0,1,1,0,1,1,1,1,0,0,1,0,1,1,0
0,0,1,1,1,0,0,0,0,1,1,0,1,0,0,1,1,0,1,0,0,0,0,1,0,0,1,0
1,1,1,1,1,0,0,0,0,1,1,1,0,1,1,0,0,1,0,1,1,1,1,0,1,1,0,0
0,0,1,0,1,1,0,1,0,1,1,0,1,1,1,0,0,1,0,1,1,0,0,1,0,1,1,0
1,1,1,1,1,1,1,0,0,1,1,0,1,0,0,0,0,1,0,0,0,0,1,0,1,1,0,1
0,0,0,0,1,0,0,1,0,0,0,0,1,1,1,1,0,1,0,1,1,0,0,1,0,1,0,0
0,0,0,0,1,1,1,1,1,1,1,1,1,0,0,1,0,0,0,1,1,1,1,0,1,0,1,1
0,0,0,0,0,0,0,0,1,0,1,1,1,1,1,0,0,1,1,0,0,0,0,1,0,0,0,1
1,0,1,1,1,0,0,1,1,0,0,0,1,1,1,1,1,1,1,1,1,1,0,0,0,1,1,1
1,0,0,0,0,0,1,0,1,0,1,1,1,1,1,1,1,1,0,0,0,0,1,1,1,1,0,1
0,0,1,1,1,0,1,1,1,0,1,1,1,0,0,1,1,1,0,1,1,1,1,0,1,0,0,0
1,1,1,1,1,1,0,0,0,1,1,1,0,0,1,1,0,1,1,1,1,1,1,0,1,1,1,0
1,0,1,1,1,1,0,1,0,1,1,0,1,0,1,0,0,1,1,0,0,0,1,0,1,0,1,0
1,1,1,1,1,0,0,1,1,1,1,1,1,0,0,1,1,0,0,0,0,0,0,1,0,0,1,0
1,0,1,0,1,0,1,0,0,0,0,0,0,1,1,1,0,1,0,0,0,0,1,1,1,0,0,0
1,0,1,0,1,0,0,0,0,0,0,0,1,0,0,1,0,1,0,1,1,0,0,1,0,1,1,0
1,0,1,1,1,1,0,0,1,1,1,1,0,1,1,1,0,1,0,1,1,1,0,1,0,1,1,0
1,1,0,0,0,1,0,1,1,1,1,1,0,0,1,1,0,1,0,1,1,1,1,0,1,0,0,0
1,0,1,0,0,1,0,0,1,1,1,1,0,0,0,1,0,0,0,0,1,0,0,0,0,0,0,1
0,0,0,0,0,1,0,0,0,0,0,0,1,1,1,1,1,1,0,0,0,0,0,1,0,0,1,0
0,0,0,0,0,0,0,1,1,0,0,0,1,1,0,1,1,1,1,0,0,0,0,1,1,1,0,0
1,0,1,1,1,0,0,1,1,1,1,1,1,0,1,1,0,1,0,1,1,1,1,0,1,0,0,0
0,0,0,0,0,0,0,1,0,0,0,0,1,0,0,1,1,0,1,0,0,0,1,0,1,1,0,0
0,0,1,1,1,0,0,0,0,1,1,0,1,0,0,1,0,0,0,1,1,1,1,1,1,0,1,0
1,0,1,1,1,0,0,1,0,0,0,1,0,1,1,0,0,1,0,1,1,0,1,1,1,0,1,0
1,0,1,1,1,0,0,0,0,0,0,0,1,1,1,0,0,1,0,1,1,1,0,1,1,1,0,0
1,0,0,0,0,0,0,1,0,1,1,0,1,0,0,1,1,1,1,0,0,0,1,0,1,0,1,0
1,1,1,1,1,0,0,0,0,0,0,1,0,1,1,1,0,1,0,1,1,1,1,0,1,1,1,0
0,0,0,0,0,0,1,1,0,0,0,0,1,0,0,1,1,0,1,1,1,1,1,0,1,1,0,0
1,0,1,1,1,0,0,0,0,1,1,0,1,0,0,1,1,0,0,0,0,0,1,0,1,0,1,0
0,0,0,0,0,0,0,1,0,1,1,0,0,1,1,1,0,0,0,0,0,0,1,0,1,1,0,0
1,0,1,0,1,1,1,0,0,1,1,0,1,0,0,1,0,1,0,0,0,0,0,0,1,1,1,0
0,0,1,0,1,1,1,1,0,0,0,1,0,1,1,1,0,1,0,1,1,1,0,1,0,1,0,0
1,1,1,0,1,0,1,1,0,0,0,0,0,1,1,0,0,1,0,1,1,0,1,0,1,1,0,0
0,0,0,0,0,0,0,1,0,1,1,0,1,0,1,0,0,1,0,1,1,1,1,0,1,1,0,0
1,1,1,1,1,1,1,0,1,1,1,0,0,0,0,1,0,0,0,1,1,1,1,0,1,0,0,0
0,0,0,0,0,0,0,0,1,1,1,1,0,1,1,0,0,1,0,1,1,1,1,0,1,0,0,0
1,1,0,0,0,0,0,0,1,1,1,1,0,1,1,0,0,1,0,1,1,0,1,0,1,1,0,1
1,1,1,1,1,1,1,1,0,1,1,0,0,1,1,1,0,1,0,0,0,0,1,0,1,1,1,0
0,0,0,0,0,0,0,0,0,0,0,0,1,0,1,1,1,1,0,1,1,1,0,0,0,0,0,0
1,1,1,1,1,1,0,1,0,1,1,0,1,1,1,0,0,1,0,1,1,0,0,1,0,0,0,0
0,0,0,0,1,0,0,0,1,0,0,0,1,0,0,1,1,0,0,1,1,1,0,1,0,1,1,0
0,0,0,0,0,1,0,0,0,1,1,0,0,1,1,1,0,1,0,1,1,1,0,0,0,1,1,0
0,0,0,0,0,0,1,0,0,1,1,0,1,0,1,1,1,1,1,0,0,0,0,1,0,0,1,0
1,1,1,1,1,0,1,0,0,1,1,0,1,0,0,1,1,0,0,0,0,0,0,0,0,1,1,0
0,0,1,1,1,0,1,0,0,0,0,0,0,1,1,0,0,1,0,0,0,0,0,1,0,1,0,1
0,0,0,0,0,1,0,0,1,1,1,0,1,0,1,1,1,1,0,0,0,0,0,0,0,1,1,0
1,1,1,1,1,1,0,0,1,1,1,1,1,1,1,0,0,1,0,0,0,0,1,0,1,0,1,0
0,0,0,0,1,0,1,0,1,1,1,0,1,0,1,1,1,1,1,0,0,0,0,1,0,1,0,0
0,0,0,0,0,1,0,0,1,0,1,1,1,1,1,1,0,1,0,0,0,0,1,0,1,0,0,0
1,1,1,1,1,0,0,1,1,0,1,1,1,0,0,1,0,0,0,1,1,1,0,0,1,1,1,0
0,0,0,0,0,1,0,0,1,1,1,1,0,0,0,1,0,0,0,1,1,0,1,0,1,1,1,0
1,1,1,0,1,1,1,0,1,1,1,1,0,0,1,0,0,1,1,0,0,0,0,1,0,0,0,0
0,0,1,0,1,1,0,0,0,1,1,0,0,1,1,0,0,1,0,0,0,0,0,1,0,0,1,0
0,0,0,0,0,1,1,1,0,1,1,0,0,1,1,0,0,1,0,1,1,1,0,1,0,1,0,0
1,0,1,1,1,0,0,0,0,0,0,0,0,1,1,0,0,1,0,1,1,0,1,0,1,0,0,0
1,1,1,1,1,1,0,1,1,0,1,1,1,0,0,1,0,0,0,1,1,1,0,1,0,1,1,0
0,0,0,0,1,1,0,0,1,0,0,1,0,1,1,1,0,1,0,1,1,1,1,0,1,0,1,0
0,0,0,0,1,1,0,1,0,1,1,1,0,0,1,1,0,1,0,0,0,0,1,1,1,1,0,0
1,0,0,0,0,1,0,0,0,0,1,1,1,1,1,1,0,1,0,1,1,0,1,0,1,0,1,0
1,0,1,1,1,0,1,0,1,0,0,0,0,1,1,0,0,1,0,1,1,1,1,0,1,0,0,0
0,0,0,0,0,1,0,0,0,0,0,0,1,1,1,1,1,0,1,0,0,0,0,1,0,0,1,0
1,0,1,1,1,1,0,0,1,0,0,0,1,0,0,1,1,0,0,1,1,1,1,1,1,0,1,0
1,1,1,1,1,0,1,0,0,1,1,0,0,1,1,0,0,1,1,0,0,0,1,0,1,1,1,0
0,0,0,0,0,1,1,0,1,1,1,1,0,1,1,1,0,1,0,0,0,0,0,0,0,1,0,0
0,0,0,0,0,0,1,1,0,1,1,0,1,1,1,0,0,1,0,0,0,0,1,0,1,0,0,0
1,1,1,0,0,0,1,0,0,0,0,0,1,0,0,1,1,0,0,1,1,1,0,1,1,0,1,1
0,0,0,0,0,0,0,1,0,1,1,1,1,0,0,1,0,0,0,1,1,1,1,1,1,1,0,0
1,1,1,1,1,1,1,0,0,1,1,0,1,0,0,1,1,0,0,1,1,1,1,1,1,0,0,0
1,1,1,1,1,0,1,1,0,0,1,1,1,0,0,1,1,0,1,1,1,0,1,1,0,1,1,0
1,1,1,0,1,0,1,1,1,1,1,0,1,0,1,1,0,1,0,1,1,1,1,0,1,0,1,0
1,1,1,1,1,0,0,0,0,1,1,1,1,0,1,1,0,1,0,0,1,0,0,0,0,1,0,0
0,0,0,0,0,1,0,0,0,0,0,0,1,0,0,1,1,0,1,0,0,0,0,1,0,0,1,0
1,1,0,0,1,0,1,0,0,1,1,0,1,0,1,1,1,1,1,0,0,0,1,1,1,1,1,0
1,0,1,1,1,0,0,1,1,0,1,1,1,0,1,0,0,1,0,0,0,0,1,1,1,0,0,1
1,0,1,1,1,1,1,0,0,1,1,0,1,1,1,0,0,1,0,0,0,0,1,0,1,0,1,0
0,0,1,1,1,0,0,0,0,1,1,0,0,1,1,1,0,1,0,1,1,1,1,0,1,0,0,0
1,1,1,1,1,0,1,0,1,1,1,1,1,0,0,1,1,0,0,0,0,0,1,0,1,1,0,0
0,0,0,0,1,0,1,0,0,0,0,0,1,1,1,1,1,1,1,0,0,0,0,1,0,1,0,0
1,1,0,0,1,0,0,0,0,1,1,0,0,1,1,1,0,1,0,1,1,1,1,1,1,1,1,0
1,1,1,1,1,1,0,1,1,1,1,1,0,0,1,1,0,1,1,0,0,0,0,1,1,0,0,0
1,0,1,1,1,1,0,1,1,0,1,1,1,0,0,1,0,0,0,1,1,1,0,1,0,0,0,0
1,1,1,1,1,0,0,0,1,1,1,1,1,0,0,1,0,0,0,1,1,0,1,0,1,0,1,0
0,0,0,0,0,0,0,0,0,1,1,0,1,0,0,1,0,1,0,0,0,0,1,1,1,0,1,0
1,0,1,1,1,1,0,0,0,1,1,0,1,0,0,1,1,1,1,0,0,0,1,1,1,1,1,0
0,0,1,1,1,0,0,1,0,1,1,0,0,1,1,0,0,1,1,0,0,0,1,1,1,1,0,0
1,1,1,0,1,0,0,1,0,0,0,0,1,0,0,1,1,0,1,1,1,0,1,0,1,1,1,0
0,0,0,0,0,1,0,1,0,1,1,0,1,0,1,1,1,1,0,1,1,1,1,1,1,0,0,0
0,0,0,0,1,0,0,0,1,1,1,0,1,1,1,1,1,1,0,0,0,0,1,1,1,1,1,0
0,0,1,1,1,0,1,1,1,1,1,1,0,1,1,1,0,1,0,1,1,0,0,0,0,1,0,0
0,0,1,1,1,0,0,0,1,1,1,0,1,0,1,1,1,1,0,1,1,1,1,0,1,1,1,0
1,1,1,0,1,0,1,0,0,1,1,0,1,0,0,1,0,0,0,1,1,1,0,1,0,0,1,0
0,0,0,0,0,0,0,1,0,1,1,0,1,0,0,1,1,1,0,1,1,0,1,0,1,0,1,0
1,0,1,1,1,1,0,1,0,1,1,0,1,0,0,1,1,1,0,0,0,0,0,1,0,0,1,0
1,1,1,0,1,1,0,1,0,1,1,0,1,1,1,1,0,1,1,1,1,0,1,0,1,1,0,0
1,0,1,0,0,1,0,1,0,1,1,0,0,1,1,0,0,1,1,0,0,0,0,0,0,1,1,0
1,0,1,1,1,0,0,1,1,1,1,0,0,0,1,1,0,1,0,1,1,1,1,0,1,0,1,0
0,0,0,0,0,1,1,0,1,1,1,1,1,0,1,0,0,1,0,1,1,1,0,0,1,1,1,1
1,0,1,1,1,1,0,1,1,0,1,1,1,1,1,1,0,1,0,1,1,0,0,1,0,1,1,1
0,0,1,1,1,0,1,1,1,1,1,0,0,1,1,0,0,1,0,1,1,1,1,1,1,1,0,0
0,0,0,0,0,0,1,0,1,0,0,0,1,1,1,1,1,1,1,0,0,0,0,1,0,0,1,0
1,1,1,1,1,1,0,1,1,1,1,1,0,1,1,0,0,1,0,1,1,0,1,0,1,1,1,0
0,0,1,1,1,1,0,0,1,1,1,1,0,1,1,0,0,1,0,1,1,1,1,0,1,0,1,0
0,0,1,1,1,1,0,1,1,1,1,1,0,0,0,1,0,0,0,1,1,1,0,1,0,1,1,0
0,0,0,0,0,1,0,0,0,0,0,0,1,1,1,1,1,0,1,0,0,0,0,0,0,1,1,0
