RS1065314,RS1131854,RS1249950,RS2230805,RS299290,RS315951,RS7374,RS958,PC
1,1,1,1,0,0,1,1,1
1,1,1,1,1,1,1,1,1
1,1,1,1,1,0,0,1,1
1,0,1,1,1,1,1,1,1
0,0,1,0,0,0,1,1,1
0,1,1,1,0,0,0,1,1
1,1,0,1,1,0,0,1,1
1,1,1,1,0,0,1,1,1
0,1,0,1,0,0,0,1,1
1,1,0,1,1,1,1,1,1
1,1,0,1,1,0,1,1,1
1,1,1,1,0,0,1,1,1
1,1,1,1,0,0,1,1,1
0,1,1,0,1,1,1,1,0
0,1,1,0,1,1,1,1,0
0,1,0,1,1,1,0,1,0
0,1,0,1,1,1,0,1,0
0,0,1,1,0,1,0,1,0
0,0,1,1,0,1,0,1,0
1,1,0,1,1,1,0,1,0
1,1,0,1,1,1,0,1,0
0,1,0,1,1,1,0,1,0
0,1,0,1,1,1,0,1,0
1,0,0,1,1,0,1,1,0
1,0,0,1,1,0,1,1,0
0,1,1,1,1,0,0,1,0
0,1,1,1,1,0,0,1,0
0,1,1,1,0,1,1,1,0
0,1,1,1,0,1,1,1,0
0,1,1,1,0,0,0,1,0
0,1,1,1,0,0,0,1,0
1,1,0,1,1,0,0,1,1
1,1,0,1,1,0,0,1,1
1,1,1,1,0,1,1,1,1
1,0,1,1,0,1,1,1,0
1,0,1,1,0,1,1,1,0
0,0,1,1,1,1,1,1,0
0,0,1,1,1,1,1,1,0
0,1,1,1,0,1,1,1,0
0,1,1,1,0,1,1,1,0
1,1,1,1,1,0,0,1,0
1,1,1,1,1,0,0,1,0
0,1,0,1,1,1,1,1,0
0,1,0,1,1,1,1,1,0
1,1,1,1,1,0,0,1,0
1,1,1,1,1,0,0,1,0
1,1,1,1,1,0,1,0,0
1,1,1,1,1,0,1,0,0
0,1,1,1,1,0,1,1,0
0,1,1,1,1,0,1,1,0
0,1,1,1,0,1,1,1,0
0,1,1,1,0,1,1,1,0
0,1,0,1,1,1,0,1,0
0,1,0,1,1,1,0,1,0
1,1,1,1,1,0,0,1,0
1,1,1,1,1,0,0,1,0
1,1,1,1,0,0,0,1,0
1,1,1,1,0,0,0,1,0
0,1,1,1,0,1,1,1,0
0,1,1,1,0,1,1,1,0
1,1,1,1,0,0,1,1,0
1,1,1,1,0,0,1,1,0
0,1,0,1,0,1,0,1,0
0,1,0,1,0,1,0,1,0
0,1,1,1,0,0,1,1,0
0,1,1,1,0,0,1,1,0
1,1,1,1,0,1,1,1,0
1,1,1,1,0,1,1,1,0
1,1,0,1,1,0,0,1,0
1,1,0,1,1,0,0,1,0
1,0,1,1,0,0,1,1,0
1,0,1,1,0,0,1,1,0
1,1,1,1,0,1,1,1,1
1,1,1,1,0,1,1,1,1
1,0,1,1,0,1,0,1,0
1,0,1,1,0,1,0,1,0
0,1,1,1,0,1,0,1,0
0,1,1,1,0,1,0,1,0
1,1,0,1,0,1,0,0,0
1,1,0,1,0,1,0,0,0
0,1,1,1,1,1,0,1,0
0,1,1,1,1,1,0,1,0
0,1,1,1,0,0,1,1,0
0,1,1,1,0,0,1,1,0
0,1,1,1,0,1,0,1,0
0,1,1,1,0,1,0,1,0
0,1,1,1,1,0,1,1,0
1,1,1,1,1,0,1,1,0
1,1,1,1,1,0,1,1,0
0,1,1,1,1,1,0,1,0
0,1,1,1,1,1,0,1,0
0,1,1,1,0,0,1,1,1
0,1,1,1,0,0,1,1,1
1,1,0,1,0,0,0,1,1
1,1,1,0,1,1,0,1,0
1,1,1,0,1,1,0,1,0
1,0,1,1,0,1,1,1,0
1,0,1,1,0,1,1,1,0
1,0,1,1,0,0,1,1,0
1,0,1,1,0,0,1,1,0
0,1,1,1,0,0,0,1,0
0,1,1,1,0,0,0,1,0
0,1,1,1,0,0,0,1,0
0,1,1,1,0,0,0,1,0
0,1,1,1,0,1,1,1,0
0,1,1,1,0,1,1,1,0
1,1,0,1,0,0,1,1,0
1,1,0,1,0,0,1,1,0
1,1,0,0,1,0,0,1,1
1,0,1,1,1,1,0,1,1
1,0,1,1,1,1,0,1,1
0,1,1,1,0,1,0,1,1
0,1,1,1,0,1,0,1,1
0,0,0,1,1,1,0,1,1
0,1,1,1,0,1,1,1,1
0,1,1,1,0,1,1,1,1
0,1,1,1,0,0,0,1,1
0,1,1,1,0,0,0,1,1
0,1,0,1,0,1,0,1,1
0,1,0,1,0,1,0,1,1
1,1,0,1,0,1,0,1,1
1,1,0,1,0,1,0,1,1
1,1,0,1,0,1,1,1,1
1,1,0,1,0,1,1,1,1
0,0,1,1,0,1,0,1,1
0,0,1,1,0,1,0,1,1
0,1,0,1,1,1,1,1,1
0,1,0,1,1,1,1,1,1
1,0,1,1,0,0,0,1,1
1,0,1,1,0,0,0,1,1
1,0,1,1,0,1,1,1,1
0,1,0,1,0,1,1,1,1
1,1,1,1,1,0,1,1,1
1,1,1,1,1,0,1,1,1
1,1,1,1,1,0,1,1,1
0,0,1,1,1,0,0,1,1
0,0,1,1,1,0,0,1,1
0,1,1,1,0,0,0,1,1
0,1,1,1,0,0,0,1,1
0,1,0,1,0,1,1,1,1
1,1,1,1,0,1,0,1,1
1,1,0,1,1,1,1,1,1
1,1,1,1,1,0,1,1,1
1,1,1,1,0,0,1,1,1
1,1,1,1,0,0,1,1,1
1,0,1,1,1,1,0,1,1
0,1,1,0,1,1,1,1,1
1,1,1,1,0,0,1,1,1
0,1,1,1,1,1,0,1,1
0,1,1,1,1,0,1,1,1
0,1,1,1,0,0,1,1,1
1,1,1,1,1,1,1,1,1
1,1,1,1,1,1,1,1,1
1,1,0,1,1,0,0,1,1
1,1,1,1,1,1,1,1,1
1,1,1,1,1,1,1,1,1
0,1,0,1,0,1,1,1,1
0,1,1,1,1,0,1,1,1
0,1,1,1,1,0,1,1,1
0,1,1,1,1,1,0,1,1
0,1,1,1,0,1,0,1,1
0,1,1,1,1,0,1,1,1
1,1,0,1,0,1,1,1,1
1,1,0,1,0,1,1,1,1
0,1,1,1,1,1,1,1,1
1,1,1,1,0,0,0,1,1
0,1,0,1,0,0,1,1,1
0,1,0,1,0,0,0,1,1
0,1,1,0,1,0,1,1,1
0,1,1,1,1,1,1,1,1
0,1,1,1,0,1,0,1,1
1,0,1,1,1,1,0,1,1
1,1,1,1,0,0,0,1,1
1,1,1,1,0,1,1,1,1
1,0,1,1,0,0,0,1,1
1,1,1,1,1,1,1,1,1
0,0,1,1,1,1,0,1,1
0,0,1,1,0,1,0,1,1
1,1,1,1,1,0,0,1,1
0,1,1,0,1,1,1,1,1
1,1,0,1,0,1,0,1,1
0,0,1,1,0,0,0,1,1
0,1,1,1,0,0,1,1,1
0,0,0,1,0,0,1,1,1
0,0,0,1,0,0,1,1,1
0,1,1,1,1,0,1,1,1
1,1,1,1,0,0,0,0,1
0,1,0,1,1,0,0,1,1
1,1,1,1,0,1,0,1,1
0,1,1,1,0,1,0,1,1
1,1,1,1,0,1,0,1,1
0,1,1,1,1,0,0,0,1
1,0,0,1,0,0,0,1,1
1,1,0,1,1,0,0,1,1
1,0,1,1,1,0,0,1,1
1,0,1,1,1,0,0,1,1
1,0,1,1,1,0,0,1,1
0,1,1,1,1,0,1,1,1
1,1,0,1,1,0,1,1,1
1,0,1,1,1,0,1,1,1
0,1,1,1,0,1,1,1,1
0,0,1,1,1,1,0,1,1
0,1,0,1,0,0,0,0,1
0,1,0,1,1,0,0,1,1
1,1,1,1,0,1,0,1,1
0,0,1,1,1,1,0,1,1
0,1,1,1,0,1,1,1,1
0,0,1,1,1,1,0,1,1
